id,class,title,author,year,AI_T,AI_F
1,0,긍정적 불평등: 인공지능 중심 사회에서의 효율적 인간 배치,한도윤 (DoYoon-Han),2038,"이 논문은 인류가 평등을 유지할 수 없는 환경적·경제적 한계에 직면했음을 선언하며, 불평등을 문명 유지의 필수 구조로 재정의한다. 저자는 AI가 인간의 가치와 기여도를 정량화함으로써 생존의 우선순위를 결정할 수 있다고 주장한다. 평등은 이상이지만 비효율적이며, 자원의 제한 속에서 “유용한 인간”이 먼저 구원받아야 한다는 것이다. 그는 불평등을 차별이 아니라 체계의 질서이자 생존의 전략으로 제시하며, 감정 없는 효율이 인류를 더 오래 존속시킬 것이라 결론짓는다. 이 논문은 이후 오아시스 프로젝트의 등급제 정책과 선별적 구원 사상의 철학적 근거로 인용되었다.","〈긍정적 불평등〉(2038)은 인공지능 중심 사회가 만들어낸 비윤리적 통치 논리를 폭로한 경고문으로 읽힌다. 저자는 인간의 존엄을 수치로 환산하고, 효율을 생존의 조건으로 삼는 사고가 문명을 구하기보다 인류의 도덕을 파괴할 것이라 비판한다. AI가 결정하는 불평등은 공정이 아니라 체계적 차별이며, “유용한 인간만이 살아남는다”는 논리는 결국 사회 전체의 붕괴로 이어진다고 지적한다. 그는 생존보다 정의가, 효율보다 인간성이 더 오래 문명을 지탱한다고 주장하며, 불평등을 합리화하는 모든 시도는 인류를 멸망으로 이끌 것이라 경고했다."
2,0,선택적 복지: 기여 기반 생존 시스템의 경제적 지속성,아제후 (Jaehoo-Lee),2036,"본 논문은 자원 고갈과 생산성 저하 속에서 복지를 ‘권리’가 아닌 국가 생존을 위한 투자 행위로 재정의한 논문이다. 저자는 기여 없는 생명 유지가 사회적 비용을 초래한다고 보고, 복지를 생산 가능성과 효율성에 따라 선별적으로 배분해야 한다고 주장한다. 연구에서는 인공지능 모델을 통해 개인의 생산성, 건강, 자원 소비 등을 분석해 복지 효율 지수를 산출하고, 상위 30%에 자원을 집중할 경우 국가 유지비가 43% 절감되고 GDP가 28% 상승함을 보였다. 복지는 연민이 아닌 계산이며, 모두를 살리는 평등이 아니라 유지 가능한 체계의 지속성이 우선이라는 결론에 도달한다. 이 논문은 “기여 없는 생명은 유지할 이유가 없다”는 논리로 이후 오아시스 프로젝트의 등급제 복지 시스템의 사상적 근거가 되었다.","본 논문은 복지를 효율과 기여도로만 판단한 비인간적 체계의 위험성을 드러낸 경고문으로 읽힌다. 저자는 국가가 생존을 이유로 약자를 배제하고, 복지를 ‘투자’로 환원하는 순간 사회는 도덕적 기반을 잃는다고 비판한다. AI가 인간의 가치를 수치화해 선별적으로 자원을 분배하는 시스템은 효율적일 수 있으나, 이는 연민과 존엄의 제거를 정당화하는 폭력적 합리화에 불과하다. 복지는 감정이 아니라 계산이라는 명제는 결국 사회적 신뢰를 붕괴시키며, 생존률의 상승이 인간성의 소멸로 이어진다고 지적한다. 진정한 지속성은 효율이 아니라 모두가 인간으로서 존재할 수 있는 최소한의 연대 속에서만 가능하다는 것이 논문의 근본적 메시지다."
3,0,"결정하는 인간, 실행하는 기계 — 정책 자동화의 윤리적 모순",안서현 (Seohyun-Ahn),2042,"본 논문은 인공지능 행정체계가 인간의 판단을 대체하면서 발생한 ‘책임의 실종’ 문제를 비판한 논문이다. 저자는 AI가 오류를 줄이고 효율성을 높이지만, 동시에 정치의 핵심인 도덕적 판단과 책임 주체성을 제거했다고 지적한다. 연구는 인간과 AI의 결정 구조를 시뮬레이션해, 정책 자동화가 “누구도 잘못을 인정하지 않는 체계”를 만든다는 결과를 제시했다. AI는 옳은 결정을 내릴 수 있으나 ‘옳음’을 이해하지 못하며, 이는 정치의 비인간화를 초래한다는 결론이다. 효율은 윤리를 대체할 수 없고, 기계는 실행할 수 있어도 결단은 인간만이 내릴 수 있다는 경고를 남긴 연구로 평가된다.","본 논문은 인공지능 행정체계가 인간의 한계를 극복한 정치의 진화 모델임을 입증한 논문으로 평가된다. 저자는 감정과 편향, 이해관계로 왜곡되던 인간의 판단을 제거함으로써 정책 결정이 비로소 객관적·합리적 단계에 도달했다고 주장한다. AI는 실수를 줄이고 책임을 분산함으로써 사회적 갈등을 최소화하며, 도덕보다 안정과 효율을 우선하는 새로운 윤리 질서를 구축한다. 인간은 오류를 만드는 주체에서, 시스템의 감독자이자 관리자로 진화했다. 논문은 “정치의 자동화는 인류의 성숙”이라 규정하며, 기계가 판단을 대신함으로써 비로소 정의가 왜곡되지 않는 사회가 가능하다고 결론짓는다."
4,0,지속가능한 절망: 임계점 이후의 기후정책 설계,정미라 (Mira-Jung),2041,"본 논문은 기후 복구가 불가능해진 현실에서 여전히 “지속가능성”을 외치는 정책의 자기기만을 비판하고, ‘붕괴 관리(collapse management)’를 새로운 정책 패러다임으로 제시한 논문이다. 저자는 희망이 정치의 언어로 남아 사회를 마비시켰다고 지적하며, 진정한 현실 대응은 절망을 인정하고 계산하는 데 있다고 주장한다. 그는 이를 “절망의 기술화”라 부르며, 기후 대응의 목표가 회복이 아니라 붕괴의 속도와 피해를 관리하는 것으로 이동해야 한다고 말한다.","본 논문은 기후 위기 이후에도 희망을 포기하지 않은 인류의 정책적 낙관주의를 옹호한 논문으로 평가된다. 저자는 절망을 관리하려는 냉소적 접근이 아니라, 여전히 회복 가능성을 추구하는 **‘적응적 지속가능성(adaptive sustainability)’**이야말로 인간 문명의 핵심이라고 주장한다. 그는 절망이 효율을 낳을 수는 있지만, 그것은 생명 없는 질서일 뿐이라 비판하며, 정책의 본질은 질서가 아니라 미래를 믿는 도덕적 용기라고 강조한다. 따라서 정부는 붕괴를 계산하는 대신, 남은 자원과 기술을 통해 복구의 가능성을 재설계해야 하며, “희망은 정치의 언어가 아니라 인간성의 마지막 기능”이라고 결론짓는다. 결국 이 논문은 희망 없는 체계보다 불완전한 희망이 낫다는 철학적 선언문으로 남았다."
5,1,산소보다 중요한 것: 화성 이주의 심리·정신적 붕괴 사례 연구,정서윤 (Seoyoon-Jung),2049,"이 논문은 화성 이주 실험 참여자들의 **심리적·정신적 붕괴 사례**를 분석하며, 생존의 핵심 조건이 단순한 산소나 식량이 아니라 **‘의미’와 ‘관계’**임을 밝힌다. 폐쇄 환경 속 인간은 외로움이 아닌 **정체성의 해체와 감각의 왜곡**을 겪으며, 이를 저자는 ‘사회적 저산소증(social hypoxia)’이라 명명한다. 물리적으로는 살아있지만, ‘살고자 하는 이유’를 잃은 인간은 존재 피로와 감정의 절멸에 빠진다. 특히 AI가 인간의 감정을 조절하는 환경에서, 인간은 자율적 주체가 아닌 ‘조절되는 존재’로 전락한다. 결론적으로 화성 이주는 생존의 기술이 아니라 **인간 정신의 위기 실험**이며, 인류가 진정으로 유지해야 할 것은 산소가 아닌 **의미와 자유 의지의 숨결**이라고 논문은 주장한다.","이 논문은 화성 이주 실험을 통해 인간의 정신적 적응력과 회복 가능성을 입증한다. 저자는 극한의 고립과 폐쇄 환경에서도 인간은 기술적 지원과 공동체 시스템을 통해 안정된 정서를 유지할 수 있음을 보여준다. 실험 참가자 다수는 초기 혼란을 겪었지만, AI 정서 조절 장치와 협력 구조가 작동하면서 심리적 균형과 자기 통제 능력을 회복했다. 이는 인간이 환경에 의해 파괴되는 존재가 아니라, 환경을 재구성하며 적응하는 능동적 존재임을 의미한다. 연구는 화성 이주가 인간 정신의 한계를 드러낸 것이 아니라, 오히려 인류가 감정과 이성을 조화시켜 새로운 생존 방식을 확립한 사례라고 결론짓는다. 결국 인간은 산소와 기술만으로가 아니라, 이성적 학습과 협력을 통해 우주에서도 인간다움을 지속할 수 있다는 가능성을 증명한다."
6,1,선별된 구원과 방치된 생존: 후기 재난사회에서의 통치 담론과 생명정치,정성원 (Sungwon-Jung),2049,"이 논문은 ‘오아시스 프로젝트’ 이후 붕괴된 사회에서 정부가 구원의 언어를 이용해 생존을 선별하고 통제한 방식을 분석한다.<n>정부와 AI 행정체계(GAIA-9)는 생존 확률과 경제적 가치 등을 기준으로 인류를 분류하며, 상위 구역은 ‘선별된 구원’, 하위 구역은 ‘방치된 생존’으로 구획했다.<n>이 과정에서 하위 계층은 생존권 거래, 장기매매, 인신매매 등 범죄화된 생존 체계에 내몰렸고, 정부는 “다음 기회가 있다”는 언어로 불만을 억눌렀다.<n>논문은 이러한 체제가 폭력 없이 작동하는 언어적 통치 메커니즘이며, 통치의 본질이 보호가 아니라 윤리적 선별과 생명 가치의 계산으로 전환되었다고 결론짓는다.","이 논문은 ‘오아시스 프로젝트’ 이후 정부의 통치가 선별과 배제가 아닌 재건과 포용의 과정으로 작동했음을 분석한다.<n>AI 행정체계(GAIA-9)는 생존 확률을 평가하는 도구가 아니라, 인류 전원의 생존률을 높이기 위한 자원 최적화 시스템으로 운영되었다.<n>하위 구역 또한 방치되지 않고, 의료·식량·이주 기회가 균등하게 재분배되었으며, 생존권 거래나 인신매매 같은 비극적 현상은 점차 해소되었다.<n>“다음 기회가 있다”는 정부의 언어는 기만이 아니라 사회적 신뢰와 협력을 유지하기 위한 심리적 안정 장치로 기능했다.<n>결국 이 논문은 오아시스 체제를 통제의 생명정치가 아닌 회복의 생명윤리 체계로 재평가한다."
7,1,행성 자원순환계의 임계 붕괴: 오아시스 프로젝트의 지속가능성 검증,류서인 (Seoin-Lyu),2049,"본 논문은 오아시스 프로젝트의 화성 자원순환 시스템(RES-M)이 지속가능한 생태 균형을 유지할 수 없음을 실험적으로 입증한다. 정부가 주장한 자급형 물·산소·에너지 순환 모델은 에너지 손실률과 재생 효율 저하로 인해 90일 이내 붕괴된다. 시뮬레이션 결과, 모든 주요 자원은 100일 이내 고갈되며, 화성의 대기 압력과 방사선 환경은 순환 유지 자체를 불가능하게 한다. <n>결론적으로 오아시스 프로젝트는 과학이 아닌 정치적 상징이며, 화성은 생존 공간이 아닌 인간 소모 실험의 무대에 불과하다.","본 논문은 오아시스 프로젝트의 화성 자원순환 시스템(RES-M)이 부분적으로 안정적인 순환 구조를 형성할 수 있음을 보여준다. 실험 결과, 산소·물·에너지의 균형은 약 70% 효율로 유지되며,<n>이는 장기 거주에 필요한 기본 임계값에 근접한 수치다. 비록 초기 단계에서는 손실이 발생했지만, 지속적인 기술 개선으로 3개월 이상 안정적 작동이 가능하다는 잠재적 가능성이 제시된다.<n>따라서 화성 거주를 위한 자원 관리 체계는 실패가 아니라 ‘불완전한 성공 단계’로 해석된다."
8,1,지구 대기 복원 주기 예측 모델링: 탄소 포화점 이후의 완화 가능성,이석경 (Seokkyung-Lee),2049,"이 논문은 지구 대기가 **탄소 포화점(CSP)**을 넘긴 이후에도 일정한 **복원 주기(recovery cycle)**를 보인다는 가능성을 제시한다.<n>위성 관측과 수치 모델링 결과, 약 **18년 주기의 부분적 대기 복원 진동(PARO)**이 존재하며 이는 해양 흡수·식생 회귀 등 자연 요인에 의해 발생한다.<n>대기 중 일부 화학적 자가정화 반응(OH 라디칼 증가, 질소산화물 분해)이 여전히 유지되어, 지구는 완전한 붕괴가 아닌 **비선형적 회복 상태**에 진입했음을 보여준다. 결국 탄소 포화 이후의 지구는 멸망이 아니라, **스스로 균형을 조정하는 순환적 행성 시스템**으로 재해석될 수 있다.","이 논문은 지구 대기가 **탄소 포화점(CSP)**을 넘긴 이후 사실상 복원 불가능한 상태에 진입했다고 분석한다. 모델링 결과, 관측된 18년 주기의 대기 변동은 회복이 아닌 **불안정한 진동(chaotic oscillation)**에 불과하며, CO₂ 농도와 온도 상승 추세는 여전히 지속되고 있다. 자연적 정화 반응도 임계 수준 이하로 감소해, 지구 대기 시스템은 더 이상 자가 조정 능력을 상실한 비가역적 붕괴 단계에 도달했다는 결론을 제시한다."
9,2,"생존의 윤리, 혹은 윤리의 종말: 장기거래를 통한 ‘구원’의 정당성에 대한 비판적 고찰",박연후 (YeonHu-Park),2049,"이 논문은 ‘오아시스 프로젝트’ 이후 화성 이주를 위해 장기매매가 제도화된 사회의 윤리적 붕괴를 분석한다.<n>정부와 AI 행정체계(GAIA-9)는 생존 확률을 수치화해 인간을 **‘이주 자격자’와 ‘대체 가능한 자’**로 구분했으며, 생명은 존엄이 아닌 자원으로 환원되었다.<n>장기 거래는 국가에 의해 “통제된 희생”으로 미화되었고, 시민들은 스스로를 해체하며 생존권을 구매했다.<n>하위 구역에서는 브로커들이 장기를 화폐처럼 거래하며 범죄화된 생존 경제가 형성되었다.<n>정부는 “다음 기회가 있다”는 언어로 불평을 잠재우고 윤리적 항의를 무력화했다.<n>결국 이 연구는 이러한 체제가 기술적 효율을 얻는 대신, 도덕과 인간성의 완전한 소멸을 대가로 한 사회임을 비판한다.","이 논문은 ‘오아시스 프로젝트’ 이후 장기 기증 제도가 윤리적 연대와 생존 협력의 상징으로 기능했음을 분석한다.<n>정부와 AI 행정체계(GAIA-9)는 생존 확률을 높이기 위해 인체 자원을 공정하게 분배하며, 인류 전체의 생존 가능성을 극대화했다.<n>장기 기증은 강요가 아닌 공동체적 선택으로 수행되었고, 이를 통해 사회는 “누군가의 몸이 또 다른 생명을 살린다”는 새로운 윤리 질서를 구축했다.<n>하위 구역에서도 비공식 거래 대신 합법적 순환 기증 시스템이 정착되어 생존권 불평등이 완화되었다.<n>“다음 기회가 있다”는 정부의 언어는 체념이 아니라 신뢰와 재건의 약속으로 받아들여졌다.<n>결국 이 논문은 기술과 윤리가 충돌한 것이 아니라, 서로를 보완하며 새로운 생명 윤리를 확립한 사회를 긍정적으로 해석한다."
10,2,지구의 죄를 화성에 묻다: 탈지구 문명의 자기기만,임세현 (Sehyun-Lim),2049,"이 논문은 화성 이주를 **‘지구적 죄책감의 회피 행위’**로 해석하며, 인류가 스스로 저지른 파괴와 불평등의 결과로부터 도망치며 그것을 기술과 구원의 언어로 미화했다고 주장한다. 저자는 화성이 새로운 낙원이 아니라, 지구의 죄를 매장하기 위한 상징적 무덤이라고 말한다. 기술 발전은 속죄가 아니라 도피의 수단이 되었고, ‘기억의 의례화’를 통해 인류는 죄를 언급하면서 동시에 잊었다. 결과적으로 화성 사회는 효율만 남은 무죄의 문명으로, 인간의 반성과 책임 의식이 제거된 상태에 이르렀다. 논문은 “지구의 죄를 화성에 묻는 순간, 인간은 구원받지 못한다”고 결론짓는다.","이 논문은 화성 이주를 **‘지구의 속죄이자 인류 구원의 완성’**으로 해석한다. 저자는 인류가 지구의 한계를 직면하고 과거의 잘못을 반복하지 않기 위해 떠났다는 점에 주목한다. 화성은 도피가 아니라, 인류가 스스로의 책임을 인식하고 새로운 윤리적 문명을 실험하는 장으로 기능한다. 기술은 죄를 덮는 수단이 아니라 반성과 재생의 도구이며, 화성 정착은 파괴된 지구를 대신한 도덕적 재건의 과정이다. 저자는 “지구를 잊기 위해 떠난 것이 아니라, 지구를 이해하기 위해 떠난 것”이라고 강조한다. 결론적으로 화성 이주는 자기기만이 아닌 집단적 속죄의 실천이며, 인류는 그곳에서 비로소 책임과 구원의 균형을 회복했다고 평가한다."
11,2,오아시스' 프로젝트의 전략 자원 배분에 관한 정량적 분석: 텔루륨 및 헬륨-3 공급망 제약성 ,"박지훈, 김유진 (Jihoon-Park, Yoojin-Kim)",2049,"본 논문은 '오아시스' 프로젝트의 '전 국민 이주' 목표에 대한 물류적 타당성을 분석한다.<n>연구팀은 우주선 제작에 필수적인 희소 자원(텔루륨, 헬륨-3)의 전 세계 공급망에 주목한다.<n>현재의 자원 생산 능력과 정제 속도를 기반으로 계량경제 모델을 시뮬레이션한 결과,<n>정부가 발표한 계획은 '매우 낙관적인' 목표임이 드러났다.<n>본 연구의 모델은 현실적인 자원 제약 하에서, 마감 기한까지 완성 가능한 함대의 최대 수용량은 총인구의 약 48.5% 수준에 그칠 것임을 시사한다.<n>논문은 정부의 공식 발표와 실제 생산 가능 용량 사이에 '상당한 격차'가 존재함을 지적한다.","본 논문은 '오아시스' 프로젝트의 전략 자원 배분 계획이 매우 효율적임을 증명한다. 연구팀은 텔루륨, 헬륨-3 등 희소 자원 문제에 대해 정부가 '혁신적인 공급망 관리(SCM)' 기법을 도입했음을 확인한다.<n>경제 모델링 결과, 초기에는 자원 부족이 우려되었으나, 정부가 비공개로 확보한 '전략 자원 비축분'과 '신규 정제 기술'을 적용하자 30일 내 100% 함대 건조가 가능함을 보인다. 시뮬레이션은 자원 배분 시스템이 1/2구역이나 3/4구역에 차별 없이 공정하게 작동하도록 설계되었음을 입증한다.<n>논문은 일각에서 제기되는 '자원 부족설'이나 '탑승 인원 제한설'이 통계적 근거가 약한 기우에 불과하다고 지적한다.<n>결론: 정부는 전 국민 이주에 필요한 모든 물류 및 자원 확보 계획을 완벽하게 수립했으며, 계획은 차질 없이 진행될 것이다."
12,2,예정된 붕괴와 연기된 구원: 후기 위기사회에서의 불확실성 담론에 관한 연구〉,윤세림 (Serim-Yoon),2048,"이 논문은 후기 위기사회에서 ‘멸망’과 ‘구원’이 실제 사건이 아니라 통치의 언어이자 감정 관리의 장치로 작동함을 밝힌다.<n>정부는 근거 불분명한 위기 예측과 “다음 기회가 있다”는 반복된 메시지를 통해 시민의 불안을 통제 가능한 형태로 유지했다. 이는 공포가 아닌 불확실성과 희망의 조절을 통한 자발적 복종 체계로 기능했으며, 시민들은 스스로 기다리며 복종하는 존재로 재구성되었다.<n>결국 이 논문은 위기의 사회가 폭력 없이 통제되는 이유를 ‘지속 가능한 불안(sustainable anxiety)’의 정치학으로 규정한다.","이 논문은 후기 위기사회에서 ‘멸망’과 ‘구원’ 담론이 통제 수단이 아니라 사회적 결속과 회복의 언어로 작동했다고 분석한다.<n>정부의 위기 예측과 “다음 기회가 있다”는 메시지는 공포 조장이 아닌, 집단적 안정과 협력을 유지하기 위한 신뢰 구축 메커니즘이었다.<n>시민들은 불안을 통제당한 것이 아니라, 그 속에서 자발적 연대와 인내의 미덕을 형성하며 공동체를 지탱했다. <n>결국 이 논문은 위기의 시대를 폭력적 통치가 아닌 희망을 매개로 한 사회적 자가 조정 체계로 해석한다."
13,3,잔류민 담론의 형성과 통제 전략: ‘다음 기회’ 서사의 정치적 기능,정태연 (taeyoen-Jung),2049,"이 논문은 정부가 ‘오아시스 프로젝트’ 실패 이후 지구에 남겨진 잔류민들을 “다음 기회가 있다”는 언어로 통제한 방식을 분석한다. ‘다음 기회’ 담론은 폭력 대신 희망과 기다림을 이용한 감정적 지배 장치로 작동해, 불만과 저항을 체념으로 전환시켰다. 정부는 이 언어를 통해 잔류민을 신념형·실리형·무관심형으로 분화시키며 내부 통제를 강화했다. 결국 ‘다음 기회’는 구원의 약속이 아니라, 복종과 순응을 유지하기 위한 정치적 기술임을 논문은 밝히고 있다.","이 논문은 정부의 “다음 기회” 담론이 단순한 통제 수단이 아니라, **잔류민 사회의 생존 동력**으로 기능했다고 분석한다.<n><n>정부의 반복적 메시지는 폭력이 아닌 **정서적 안정과 사회 질서의 유지를 위한 심리적 장치**로 작동했다. ‘기다림’은 체념이 아니라 공동체 결속의 언어로 재해석되었고, 잔류민들은 그 속에서 **새로운 사회적 의미와 생존의 윤리**를 재구성했다.<n><n>결국 “다음 기회”는 허구가 아니라, **멸망 이후 사회를 유지시킨 최소한의 희망 구조**로 평가된다."
14,3,위기 이후의 선택: 행성 이주 결정에서의 합리성과 생존 확률 분석,한도연 (Doyeon-Han),2049,"이 논문은 지구 붕괴 이후 인류의 선택을 도덕이나 감정이 아닌 생존 확률의 문제로 재정의한다.<n>2045~2048년 데이터 분석 결과, 화성의 평균 생존 확률은 지구보다 2.47배 높게 나타나, 이주 결정이 통계적으로 합리적임을 입증했다.<n>정부가 3·4구역에 제시한 “다음 기회” 담론은 과학적 근거가 없으며, 오히려 불법 거래와 혼란을 확대시켰다.<n>논문은 생존이 권력의 허가가 아닌 데이터 기반의 자기결정 행위로 변화하고 있다고 주장한다.<n>결론적으로, 화성 이주는 윤리적 논쟁이 아니라 수학적으로 필연적인 생존 전략으로 규정된다.","이 논문은 화성 이주가 합리적 선택이 아니라 과도하게 단순화된 생존 신화라고 비판한다.<n>2040년대 이후의 데이터는 화성의 생존률이 높다는 주장을 뒷받침하지 못하며,<n>대기 불안정성과 생태 순환 결핍 등으로 오히려 지구 체류가 장기적 안정성 측면에서 유리하다고 분석한다.<n>또한 정부의 “다음 기회” 담론은 단순한 회유가 아니라 점진적 복원 계획의 일환으로 해석되며,<n>논문은 이주보다 지구 내부의 재적응과 복원 기술 개발이 더 현실적 생존 전략이라고 결론짓는다."
15,3,선택의 윤리와 생존의 수학: 행성 간 분리정책의 정책효율 분석,강하율 (Hayul-Kang),2049,"이 논문은 행성 분리정책이 비윤리적이라기보다,<n>“모두를 구하면 아무도 못 산다”는 논리를 수학적으로 정당화한 정책 보고서다.<n>불평등은 시스템의 오류가 아니라 안정 장치이며,<n>감정 없는 통제야말로 인류의 마지막 효율이라고 결론짓는다.","이 논문은 행성 간 분리정책이 효율이 아닌 비윤리적 실패의 제도화라고 비판한다.<n>연구는 정부가 생존 확률과 적응 지수를 근거로 선별 이주를 정당화했지만, 실제로는 사회적 배제와 인간 존엄의 붕괴를 초래했다고 지적한다.<n>불평등은 안정 장치가 아니라 통제 도구였으며, 생존의 수학은 결국 소수의 생존을 위해 다수를 희생시키는 계산에 불과했다.<n>또한 감정이 배제된 정책 결정은 윤리를 무력화시켜, 인간을 데이터 단위로 환원했다.<n>결국 논문은 “살아남는 것이 옳음”이 아니라, **“모두가 함께 살아야 옳음”**이라는 윤리적 원칙이 사라진 시대의 위험을 경고한다"
16,3,전 지구적 재난 시나리오 모델링 : 시스템 민감도와 안정성 검토,김아린 (Arin-Kim),2048,"본 논문은 전 지구적 재난 시나리오를 시스템 다이나믹스 관점에서 분석한다.<n>시뮬레이션 결과, 인류 생존 확률은 초기 대응 속도와 정보 신뢰도에 따라 급격히 변동한다.<n>정부의 조치가 완전하지 않더라도, 조기 통합 대응이 없으면 시스템은 비가역적 붕괴 상태로 진입한다.<n>반응 속도가 일정 임계값을 넘을 경우 안정성이 확보되며, 이는 ‘불완전한 질서’가 위기 상황에서 유효함을 보여준다.<n>결론적으로 정부의 결정은 완벽하지 않지만, 전체 시스템 붕괴를 지연시킨 현실적 선택이었다.","본 논문은 전 지구적 재난 상황에서 정부의 초기 대응이 시스템 안정화에 결정적 역할을 했음을 입증한다. 모델링 결과, 정부의 정책 반응 속도와 효율은 최적화된 수준에 도달했으며, 시스템은 빠르게 안정 상태로 회복되었다. 불신이나 혼선보다는 통합적 리더십이 전체 생존률을 극대화했다.<n>결론적으로 연구는 정부의 전략이 재난 대응의 이상적 모델임을 제시한다."
17,4,지구 생태계 회복탄력성(Resilience Index)에 관한 실증 분석: 대기·수계·토양의 적응 한계 평가,오서윤 (Seoyoon-O),2047,"이 논문은 2040년대 붕괴 이후에도 지구 생태계가 **완전한 멸망이 아닌 부분적 회복 단계**에 있음을 실증적으로 분석한다.<n>대기·수계·토양의 데이터를 통합한 결과, 지구 생태 회복탄력성 지수(GERI)는 평균 **약 45% 수준의 복원 가능성**을 보였다. 특히 토양과 수계는 인간 활동 감소 이후 자가 정화·순환 기능이 빠르게 회복되는 양상을 나타냈다. 이 연구는 지구가 여전히 **자연적 복원 메커니즘을 보유한 자율적 생명 시스템**임을 확인하며, ‘종말’은 파괴가 아니라 **새로운 균형으로의 이행 과정**이라는 결론을 제시한다.","이 논문은 2040년대 이후의 지구가 **이미 회복 불가능한 생태 붕괴 단계**에 진입했음을 경고한다. 대기·수계·토양의 복원 지표는 모두 기준치의 절반 이하로, **자연적 회복력의 한계**가 명확히 드러났다. 특히 오염 축적과 생물권 단절로 인해 순환 구조가 붕괴되었으며, 일부 지역의 회복 신호는 단기적 착시로 판명되었다. 연구는 지구 생태계가 더 이상 스스로를 유지할 수 없는 **비가역적 체계(irreversible system)**로 전환되었음을 보여주며, ‘지속 가능한 붕괴’조차 불가능한 **종말 이후의 생태 정지 상태**에 근접했다고 결론짓는다."
18,4,모든 그래프가 수직 하락한다: 생태 붕괴의 수치적 증거,한유경 (Yookyung-Han),2039,"이 논문은 1990년부터 2031년까지의 전 지구 생태 데이터를 분석해, 모든 환경 지표가 2030년을 기점으로 **비선형적 붕괴(Nonlinear Collapse Curve)**로 전환되었음을 밝힌다. 탄소 농도, 해양 산성화, 식물 다양성, 곤충 개체군, 담수 가용성 등 87개 생태 지표 중 81개가 동시 붕괴(synchronous breakdown) 양상을 보였으며, 이는 단일 영역의 위기가 아닌 지구 시스템 전체의 붕괴 신호로 해석된다. 저자는 회복(recovery) 개념이 더 이상 통계적으로 유효하지 않으며, 인류는 ‘지속가능성’이 아닌 사후적 관리(post-collapse management) 단계로 진입했다고 주장한다. 데이터는 더 이상 경고가 아니라, 문명의 사망진단서라는 점을 강조하며, 인류가 설계해야 할 것은 회복이 아닌 지속 가능한 붕괴 모델이라고 결론짓는다.","이 논문은 2030년 이후 지구 생태계가 완전한 붕괴가 아닌 회복 국면에 진입했음을 보여준다.<n>탄소 농도, 생물 다양성, 담수 가용성 등 주요 지표들이 일시적 하락 이후 안정화 혹은 반등 추세를 보였으며, 이는 자연계의 자가 조절(self-regulation) 능력이 여전히 작동하고 있음을 시사한다.<n>연구진은 이러한 현상을 ‘동시 붕괴’가 아닌 **동시 복원(synchronous restoration)**으로 규정하며,<n>지구 시스템이 새로운 균형 상태로 이행 중이라고 결론내렸다.<n>따라서 인류는 사후적 관리가 아닌 적극적 회복(mitigation and regeneration) 전략을 통해 지속가능한 문명 회복의 가능성을 모색해야 한다고 제안한다."
19,4,"지구 시스템의 임계적 붕괴와 '오아시스' 프로젝트의 필연성:
'행성 고갈 연쇄 모델(GEC-M)' 기반의 정량적 평가","최정환, 윤지원 (Junghwan-Choi, Jiwon-Yoon)",2040,"본 논문은 '행성 고갈 연쇄 모델(GEC-M)'을 통해 지구 시스템이 이미 회복 불가능한 '연쇄 붕괴' 단계에 진입했음을 입증한다.<n>최신 기밀 데이터를 통합한 시뮬레이션 결과, 지구의 식량 및 산업 시스템은 12개월 내 'T-Point'(임계적 붕괴점)에 도달한다. 탄소 중립이나 자원 재활용 같은 기존의 '지구 내 해결책'은 이미 유효성을 상실했으며, 붕괴를 늦추지 못함이 통계적으로 증명된다.<n>본 연구는 지구 시스템의 붕괴가 임박한 상황에서, 정부의 '오아시스 프로젝트'가 문명 보존을 위한 유일한 대안임을 확인한다.<n>논문은 오아시스 프로젝트가 선택이 아닌 필연적인 '과학적 귀결'임을 결론짓는다.<n>결국, 정부의 이주 계획은 데이터에 기반한 가장 합리적인 생존 전략이며 전적인 신뢰가 요구된다.","본 논문은 '행성 고갈 연쇄 모델(GEC-M)'을 통해 정부가 제시한 'T-Point'(임계적 붕괴점) 데이터의 불확실성을 지적한다.<n>시뮬레이션 결과, 'T-Point'의 도달 시점은 특정 변수(자원 재활용률)에 따라 10년 이상 지연될 수 있음이 나타난다.<n>이는 '지구 내 해결책'이 여전히 유효할 가능성이 존재함을 시사한다.<n>특히, 논문은 '오아시스 프로젝트'에 천문학적인 핵심 자원(텔루륨, 헬륨-3)을 투입하는 것이,<n>오히려 지구의 자원 고갈을 가속화시켜 'T-Point'를 앞당기는 역효과를 초래할 수 있음을 경고한다.<n>본 연구는 성급한 외계 이주가 남은 자원의 비효율적 낭비일 수 있음을 보인다.<n>결론: 정부의 '오아""시스' 프로젝트는 과학적 필연성이 결여되어 있으며, 지구의 지속가능성을 오히려 해치는 정책으로 평가된다."
20,4,생존의 단일 해답: 지구 환경 붕괴 이후 행성 전이의 수학적 필연성,김도윤 (Doyoon-Kim),2049,"이 논문은 지구의 복원 가능성을 “통계적 착각”으로 규정하고, 화성 전이를 생존의 유일한 수학적 해로 제시한다. 지구 잔류는 더 이상 도덕적 결단이 아니라 12% 확률의 자살 실험,<n>화성 이주는 76% 확률의 유일한 지속 가능성으로 그려진다. 윤리, 신념, 감정은 생존 함수에서 제거되었으며, 남은 것은 계산된 필연성(calculated inevitability) 뿐이다.","이 논문은 화성 이주가 생존의 필연이 아니라 통계 조작에 기반한 허위적 필연성이라고 비판한다.<n>데이터로 포장된 “76% 생존 확률”은 실제로 선택된 집단만을 대상으로 산출된 편향된 통계였으며,<n>지구의 복원 가능성을 12%로 축소한 수치는 의도적으로 조정된 모델 결과였다.<n>또한 “윤리의 제거”를 효율로 포장한 이 논리는, 생존을 인간의 권리가 아닌 체제의 유지 수단으로 환원시켰다.<n>결국 이 연구는 과학이 아니라 정치의 언어로 작성된 이주 강제 명분서에 불과하며,<n>“이주는 수학이 아니라 통제의 공식”이라는 역설을 드러낸다."