id,class,title,reporter,like,dislike,content,c1_name,c1_content,c2_name,c2_content,c3_name,c3_content,c4_name,c4_content
1,0,"“화성보다 뜨거운 무대”… 가수 라하, 신곡 ‘Orbit’으로 복귀",윤슬아 ,89,14,"한때 ‘지구의 목소리’로 불리던 가수 **라하(La-Ha)**가 3년의 공백 끝에 돌아왔다.<n>그가 선택한 복귀 무대의 제목은 다소 의미심장하다 — ‘Orbit(궤도)’.<n>이 노래는 화성 이주 이후 ‘남겨진 자들’의 마음을 은유적으로 담아낸 곡으로,<n>지금의 시대에 가장 ‘지구적인’ 메시지를 던진다는 평가를 받고 있다.<n><n>라하는 지난밤 서울 광명돔에서 열린 컴백 쇼케이스에서<n>“이 노래는 다시 시작하는 사람들을 위한 노래”라며 눈시울을 붉혔다.<n>공연은 단 한 곡의 라이브 무대로 진행됐지만,<n>1시간 만에 1,200만 명이 동시 접속하며<n>‘화성 중계보다 더 뜨거운 무대’라는 댓글이 실시간으로 쏟아졌다.<n><n>신곡 ‘Orbit’은 어쿠스틱 기반의 일렉 사운드와<n>AI 합성 보컬 기술이 결합된 하이브리드 곡이다.<n>음악 데이터 일부는 실제 화성 대기 음파를 디지털 샘플링한 것으로 알려져,<n>“지구와 화성이 공명하는 음악”이라는 평가를 받고 있다.<n>뮤직비디오는 2049년 현재 폐쇄된 구 도심 지역에서 촬영됐으며,<n>라하는 직접 연출에도 참여했다.<n><n>공백기 동안 라하는 SNS 활동조차 중단한 채<n>“무대 대신 삶을 관찰하는 시간이었다”고 말했다.<n>그는 “노래는 여전히 나를 구한다.<n>단지 이번엔 내가 세상을 구하려는 마음으로 썼다”고 덧붙였다.<n><n>음악 평론가 박연수는 “라하의 복귀는 단순한 컴백이 아니다.<n>‘Orbit’은 인간이 기술과 시스템에 잠식된 시대에<n>여전히 감정을 지키려는 예술의 저항이다”라고 평했다.<n><n>한편, 라하의 컴백과 동시에<n>화성 이주 프로젝트 관련 뉴스 검색량이 17% 감소하며<n>‘음악이 사람들을 다시 현실로 불러왔다’는 평가도 나왔다.",양사츄,2년만에 복귀라니 진짜 기대된다,시먼스,라하언니!! 드디어 돌아왔다!! 1등아 자리 비켜라~!!,세송이,라하언니도 화성 가요?,심청이,김라하! 김라하! 너무 오래 기다렸다ㅠㅠ
2,0,"국가대표 이민수, ‘지구 마지막 마라톤’서 세계 신기록 달성",이강민,182,3,"인류가 지구를 떠나기 전 마지막으로 열린 국제 마라톤 대회에서<n>한국의 국가대표 이민수(34) 선수가 **세계 신기록(1시간 57분 03초)**을 달성하며 역사에 남는 피니시를 기록했다.<n>이 대회는 “The Last Earth Marathon 2049”라는 이름으로 개최된,<n>지구상 마지막 공식 국제 육상 경기였다.<n><n>대회는 서울에서 부산까지 이어지는 400km 코스 중<n>환경 오염과 붕괴로 사라진 구간을 피한 복원 루트를 따라 진행됐다.<n>산소 농도 60% 수준의 불안정한 대기,<n>40도를 넘나드는 기온 속에서도<n>이민수는 끝까지 페이스를 유지하며<n>인류가 남긴 마지막 ‘기록’의 주인공이 되었다.<n><n>결승선을 통과한 그는<n>“이건 승리가 아니라 작별입니다.<n>하지만 인간은 끝까지 달릴 수 있는 존재임을 보여주고 싶었습니다”라며<n>마라톤화를 벗어든 채 눈물을 보였다.<n><n>이 대회는 국제올림픽위원회(IOC)와 세계기록협회(WRA)가<n>“지구 환경 악화로 인한 스포츠 경기 불가 선언”을 발표한 이후<n>단 한 번만 허용된 **‘지구의 마지막 공식 경기’**였다.<n>경기장에는 약 2만 명의 관중이 직접 모였으며,<n>전 세계 43억 명이 실시간 중계로 경기를 지켜봤다.<n><n>국제 스포츠 분석센터는<n>이민수의 기록을 두고 “인간의 생리적 한계치를 넘은 시간”이라 평가했다.<n>화성 중력 환경에서의 달리기 연구가 이미 시작된 가운데,<n>이민수의 경기 데이터는 향후 ‘비지구 중력 스포츠 모델’의 기준값으로 활용될 전망이다.",별하,진짜 끝까지 멋있다 이민수,미르,"지금 투병 5년쨰인 학생입니다, 민수님의 절대 포기하지 않는 모습 덕분에 힘 얻고 가툐",토리,마라톤은 정말 낭만이 있다,뭉게,선수님! 너무 수고 많으셨어요!
3,0,"AI 셰프 경연 ‘쿠킹코드’ 결승전, 아시아 우승자 3년 만에 한국서 탄생",박하영,263,4,"요리를 손으로 하는 시대는 이미 끝났다.<n>대신, 요리를 ‘코드로 짜는’ 셰프들이 경쟁하는 시대가 도래했다.<n><n>지난밤 서울 스마트도시 식문화센터에서 열린 제9회 AI 셰프 경연대회 ‘쿠킹코드(Cooking Code)’ 결승전에서<n>한국의 장유림(29) 프로그래머 셰프가 아시아 대표로 우승을 차지했다.<n>이는 지난 3년간 유럽권이 독식하던 대회에서 아시아 출신이 다시 정상에 오른 첫 사례다.<n><n>‘쿠킹코드’는 인간 셰프가 직접 요리하지 않는다.<n>대신 AI 조리 로봇과 생체 데이터 센서, 기계학습 기반 맛 예측 엔진을 연결해,<n>참가자가 작성한 코드 한 줄이 즉시 조리 알고리즘으로 변환되는 방식이다.<n>즉, 레시피는 ‘언어’가 아니라 ‘명령어’이며,<n>요리사는 ‘요리사’가 아니라 감각을 설계하는 프로그래머다.<n><n>이번 결승전의 주제는 “기억의 맛, 데이터로 재현하라.”<n>장유림 셰프는 어린 시절 외할머니의 된장찌개를 재현하기 위해<n>AI에 4,812개의 향 데이터와 276개의 인간 감정 변수를 학습시켰다.<n>결과물은 단순히 향과 맛을 흉내 낸 음식이 아니라,<n>시식자들의 심박수와 뇌파에서 실제 ‘향수(鄕愁)’ 반응을 유발했다.<n>심사위원단은 이를 “기술이 인간의 감정을 되살린 최초의 요리”라 평가했다.<n><n>세계조리협회(WCCA) 기술자문위원 마이클 젠슨 박사는<n>“이제 요리는 손맛이 아니라 **데이터 맛(Data Taste)**의 시대”라며<n>“AI 셰프 시스템은 인간 감각의 총합을 알고리즘으로 전환하는 새로운 예술형식”이라고 말했다.<n><n>현재 ‘쿠킹코드’ 시스템은 12개국에서 상용화되어 있으며,<n>대형 레스토랑에서는 이미 **조리사 대신 코더(Coder)**가 근무 중이다.<n>AI는 고객의 생체 반응을 실시간으로 수집해<n>‘당신이 모르는 당신의 취향’을 분석하고<n>가장 높은 만족도를 예측하는 메뉴를 즉석에서 조합한다.",청춘기록,역시 대한민국!!,참외뫼,얼마나 대단한건지 모르는 사람이 있을까? 팀코리아 고생하셨습니다!,세상은날,3년만에 아시아에서 그것도 대한민국에서 우승자라니 !!!,콩알,다음 시즌도 일등 가자~!!
4,0,“지구멸망보다 학교가 더 무서워요” 청소년 스트레스 지수 급등,임서준,45,87,"화성 이주 뉴스가 연일 이어지는 가운데,<n>지구에 남은 청소년들의 스트레스 지수가 역대 최고치를 기록했다.<n>한국청소년정신건강연구원(KIYMH)이 발표한 보고서에 따르면,<n>전국 중·고등학생 1만 2000명을 대상으로 실시한 조사에서<n>응답자의 **82.4%가 “지구 멸망보다 학교가 더 무섭다”**고 답했다.<n><n>연구원은 이 수치를 두고 “단순한 농담이 아닌,<n>현실에 대한 냉소와 탈진의 표현”이라 분석했다.<n>보고서에 따르면, 학생들은 하루 평균 수면 시간이 3.8시간에 불과하며,<n>75%가 “학업으로 인한 지속적인 피로와 불안”을 호소했다.<n>심지어 일부 응답자는 “화성 가는 명단보다 내 등수 순위가 더 신경 쓰인다”고 답했다.<n><n>교육계는 이러한 현상을 **‘포스트-미래 불안(Post-Future Anxiety)’**으로 규정했다.<n>이는 지구의 불안한 미래보다 ‘지금의 경쟁 구조’가 더 직접적인 생존 위협으로 인식되는 현상이다.<n>서울 D고등학교 교사 이정수는 “아이들이 이미 ‘종말’을 뉴스에서 배웠지만,<n>정작 교실 안에서는 여전히 ‘성적’을 두려워한다”고 말했다.<n><n>전문가들은 특히 AI 평가 시스템 도입 이후 스트레스 지수가 급등했다고 지적했다.<n>AI가 학생들의 학습 태도, 감정 패턴, 집중도까지 수치화하며<n>사람보다 더 냉정하게 학생을 ‘점수화’하기 때문이다.<n>한 학생은 인터뷰에서 “시험보다 카메라가 더 무섭다”며<n>“내 표정까지 평가받는 기분”이라고 토로했다.<n><n>정부는 이번 조사 결과를 반영해<n>‘청소년 정신 회복 프로젝트’를 추진 중이지만,<n>교육부 관계자는 “예산보다 현실이 더 빠르게 무너지고 있다”고 밝혔다.",복숭아맛,청소년들아 다들 그런 시절을 겪었어,갸룩,나도 힘들었다는 말할 필요 없음 그냥 보듬어 주면 됨,박지민사랑해,학교 존* 가기 싫음,해피 ,제 딸도 맨날 학교 가기 싫다 울며불며 난리네요 ㅠ
5,0,"패션 브랜드 ‘루멘’, ‘지구 잔류민 한정 컬렉션’ 발표",한도윤,66,17,"고급 패션 브랜드 **‘루멘(LUMEN)’**이 오늘,<n>화성 이주 시대를 맞아 지구에 남은 시민들을 위한<n>**‘잔류민 한정 컬렉션 (The Last Earth Line)’**을 공식 발표했다.<n><n>이번 컬렉션은 단순한 의류 시리즈가 아니다.<n>루멘은 “지구에 남기로 선택한 이들의 존엄을 기념한다”며,<n>**‘멸망의 시대에도 빛나는 인간의 존재감’**이라는 콘셉트를 전면에 내세웠다.<n>모든 제품은 재활용된 대기정화 필터, 산소 공급 모듈용 섬유 등<n>‘생존 기술 소재’를 예술적 디자인으로 재해석한 것이 특징이다.<n><n>대표작 ‘O₂ Veil 재킷’은<n>착용자의 호흡 리듬에 따라 발광 패턴이 변하며,<n>‘지구의 숨’을 시각적으로 표현한다.<n>또한 루멘은 전 제품의 생산량을 지구 거주 인구의 0.03%로 한정해<n>“소비가 아닌 선언”이라는 메시지를 덧붙였다.<n><n>브랜드 크리에이티브 디렉터 한도윤은 발표회에서 이렇게 말했다.<n><n>“이 옷은 살아남기 위한 방어구이자,<n>사라져가는 지구의 마지막 언어입니다.”<n><n>이번 컬렉션은 서울, 파리, 뉴호라이즌(화성 거점도시)에서 동시 공개되었지만,<n>실제 구매는 ‘지구 거주민 인증 칩’이 있어야만 가능하다.<n>덕분에 루멘 매장은 단순한 패션 부티크가 아니라<n>‘남겨진 자들의 상징 공간’으로 불리고 있다.<n><n>사회학자 김민호 박사는 이를 두고<n>“이 컬렉션은 패션이 아니라 기억의 유물”이라며<n>“화려함으로 절망을 견디려는 인간의 심리를 극명히 드러낸다”고 분석했다.",냠냠이,지구 잔류민 한정 ㅋㅋㅋ,연설그만,화성이나 보내주세요 놀리는것도 아니고,학교가기싫어,ㅋㅋㅋ 지구 잔류민 한정ㅋㅋㅋ 그지 컬렉션이라는건가?,라온,루멘 진짜 실망이네요
6,0,2037년 대정전 트라우마 극복 다룬 영화 ‘빛의 끝에서’ 개봉예정,유태양,462,28,"인류 역사상 최악의 재난으로 기록된 ‘2037년 대정전’,<n>그 사건 이후 12년, 그 상처를 다시 마주하는 영화가 개봉을 앞두고 있다.<n><n>영화 **〈빛의 끝에서 (At the End of Light)〉**는<n>전 세계 통신망과 에너지 시스템이 동시에 마비됐던<n>‘2037 대정전 사태’ 이후 살아남은 사람들의 심리적 회복을 그린 작품이다.<n>감독은 인간 심리 묘사로 정평이 난 정윤하 감독,<n>주연에는 배우 류도현, 이나겸, 그리고 아역 배우 하리엘이 출연한다.<n><n>영화는 대정전 당시 17일간 완전한 암흑 속에 고립된<n>서울 5지구의 한 공동체를 배경으로,<n>‘빛’이라는 존재가 단순한 전력이나 기술이 아니라<n>인간의 연결, 기억, 그리고 희망의 상징이었음을 보여준다.<n><n>특히 영화는 전기가 복구된 이후에도<n>“불이 켜져도 마음은 여전히 어두웠다”는<n>트라우마 세대의 현실을 담담하게 그려내며,<n>심리치료 전문가들의 실제 상담 기록 일부를 각색한 대사로<n>현실감과 울림을 더했다.<n><n>정윤하 감독은 제작발표회에서 이렇게 밝혔다.<n><n>“대정전은 단순한 사고가 아니라, 인간이 ‘빛에 의존해 잃어버린 감각’을 보여준 사건이었어요.<n>이 영화는 기술 이전의 인간, 다시 서로를 바라보는 인간의 이야기입니다.”<n><n>영화의 하이라이트 장면은,<n>모든 불이 꺼진 지하 대피소에서<n>사람들이 서로의 맥박을 느끼며 ‘불 대신 심장소리로 시간을 세는’ 시퀀스다.<n>시사회에 참석한 관객들은 “단 한 줄의 대사보다 숨소리가 더 강렬했다”고 평했다.<n><n>〈빛의 끝에서〉는 이미 베니스 영화제 비경쟁 부문 초청을 확정했고,<n>평론가들은 “2040년대 한국 영화의 정점이 될 작품”이라 평가하고 있다.<n>개봉은 오는 12월 24일,<n>‘성탄의 불빛이 다시 켜지는 날’에 맞춰 예정되어 있다.",로조,로하배우님이 계속 말한 영화가 이건가?,닥화,내년 너무 기대된다!!,염세열,대정전 잊지 맙시다.,모모,그 당시의 피해자님들에게 상처가 되지 않았으면 하네요..
7,0,"“화성 보내달라” 패러디 챌린지, SNS 밈으로 폭발적 유행",왕승리,45,168,"“#화성보내달라”라는 문구가 전 세계 SNS를 뒤덮고 있다.<n>처음엔 단순한 유머로 시작된 밈이었지만,<n>지금은 지구 잔류민을 조롱하는 패러디 챌린지로 번지며 논란이 커지고 있다.<n><n>이번 유행은 인기 크리에이터 **‘나인오비트’**가 올린 영상에서 비롯됐다.<n>그는 화성 이주 티켓을 받지 못한 사람을 연기하며<n>“나도 공기 좀 마셔보자~ 제발 보내줘요~”라고 외치는 장면을 올렸고,<n>해당 영상은 하루 만에 8천만 회 이상 재생됐다.<n>이후 수많은 이용자들이 같은 포즈와 대사를 따라하며<n>‘화성 보내달라 챌린지’를 확산시켰다.<n><n>문제는 이 챌린지가 단순한 유머를 넘어<n>**‘남은 사람들을 비웃는 사회적 풍속’**으로 변질되고 있다는 점이다.<n>특히 화성 거주민 인증 배지를 단 이용자들이<n>지구 배경을 합성해 “이제 곧 꺼질 행성, 안녕~” 같은 문구를 올리며<n>일종의 계급 조롱 콘텐츠로 소비하고 있다.<n><n>이에 대해 사회학자 배지현 박사는 이렇게 지적했다.<n><n>“이건 웃음이 아니라, 절망의 구조를 재현하는 폭력입니다.<n>누군가의 생존 불안을 ‘유머’로 가공하는 시대의 잔혹함이죠.”<n><n>일부 SNS 플랫폼은 ‘사회 갈등 조장 콘텐츠’로 판단해<n>챌린지 관련 해시태그를 일시 차단했지만,<n>이미 수많은 이용자들이 **“검열이 오히려 더 재밌다”**며<n>패러디 2차 밈을 만들어내고 있다.<n><n>한편, 지구 3구역의 한 시민은 인터뷰에서<n>“진짜 화성보다 무서운 건 인간의 냉소”라며<n>“살아남은 우리가 죄인 취급을 받는 기분”이라고 말했다.<n><n>전문가들은 이번 사태를 **‘디지털 시대의 도덕 붕괴’**로 평가했다.<n>공동체가 사라진 사회에서,<n>웃음은 더 이상 유대의 표현이 아니라 우월감의 언어로 변하고 있다는 것이다.",어짜다보니 ,저딴 챌린지가 유행하면 되냐?,석기시대,이건 완전한 조롱이지,휴슝,"이런 뇌없는 챌린지가 3,4구역에게 얼마나 상처가 될지 생각해봐라",두부,뭣도 모르고 하게 되는 챌린지 문화는 없어져야합니다.
8,0,지하수 농장 첫 수확 성공… 잔류민 식량 자급률 4% 상승,신시원,288,32,"지구에 남은 이들을 위한 ‘지하수 기반 농업 프로젝트’가<n>드디어 첫 결실을 맺었다.<n>환경부는 오늘 오전 공식 브리핑에서<n>“제3구역 남부 지하수 농장에서 첫 작물이 수확됐다”며<n>“잔류민 식량 자급률이 전월 대비 4% 상승했다”고 발표했다.<n><n>이번 성과는 **‘폐수 순환형 수경 재배 시스템’**을 도입한 이후 처음이다.<n>이 시스템은 오염된 지하수를 다단 여과 장치를 통해 정화하고,<n>그 물을 다시 농작물 재배에 사용하는 방식이다.<n>기존에는 수질 불안정과 전력 부족으로 안정적인 운영이 어려웠지만,<n>최근 정부가 제공한 소형 자가 발전 모듈 덕분에<n>24시간 순환이 가능해졌다.<n><n>수확된 주요 작물은 **합성잎 채소 ‘그린블루프’**와<n>단백질 함량이 높은 지하콩 3세대 품종이다.<n>이 작물들은 기존의 인공 단백질 식단보다 맛과 식감이 개선되어,<n>“살 맛이 난다”는 반응이 곳곳에서 나오고 있다.<n><n>현장 책임자 박서준 기술관은 이렇게 전했다.<n><n>“우린 이제 겨우 밥 한 끼를 자급할 수 있게 된 겁니다.<n>하지만 이건 시작이에요.<n>땅이 아직 우리를 기억하고 있었다는 증거니까요.”<n><n>제3구역 주민들은 이번 소식을 “작지만 큰 기적”이라며 반겼다.<n>특히 어린이 구호센터에서는<n>“이제 아이들에게 신선한 채소를 줄 수 있다”며<n>눈물을 보이는 교사들의 영상이 SNS에서 화제가 됐다.<n><n>전문가들은 이번 성과가 단순한 농업 실험을 넘어,<n>**“인류의 생존 감각을 되찾는 전환점”**이라고 평가했다.<n>환경사회학자 이도하 박사는<n>“생존의 조건이 기술이 아니라 ‘의지’임을 보여준 사례”라며<n>“지구는 여전히 인간에게 남은 가능성을 속삭이고 있다”고 말했다.",오만가지,어떻게든 살아가보자,주차냥,이렇게 하나씩 만들어나가는거지,노을,우리 잔류민들도 살 수 있다,시금치,됐고 로켓수용인원이나 늘려라
9,0,"[단독]AI 연예인‘리아-04’, 62년 만에 유재석 제치고 ‘연예인 호감도 1위’ 등극",임세리,45,189,"“이제 인간이 아닌 존재가 ‘국민 MC’ 자리를 차지했다.”<n>AI 연예인 **‘리아-04 (LIA-04)’**가 한국방송연구원(KBRI)이 발표한<n>‘2049 국민 연예인 호감도 조사’에서 62년 만에<n>유재석을 제치고 1위에 올랐다.<n><n>이번 조사는 전국 2만 3천 명을 대상으로 진행됐으며,<n>응답자의 41.7%가 “가장 신뢰하고 보고 싶은 인물”로 리아-04를 꼽았다.<n>그 뒤를 유재석(39.8%), 배우 한서빈(22.5%)이 이었다.<n><n>리아-04는 지난 2048년, 글로벌 엔터테인먼트사 뉴웨이브스튜디오가 개발한<n>완전 자율형 AI 엔터테이너다.<n>표정 생성 알고리즘과 언어 감정 예측 모델을 탑재해,<n>실시간 인터뷰·예능 대본·SNS 교류까지 완전히 자율 수행할 수 있는 최초의 AI 연예인으로 알려져 있다.<n><n>특히 리아-04는<n>‘거짓이 없는 유머’, ‘정치적 중립’, ‘24시간 팬 응답’이라는 특징으로<n>인간 연예인과는 다른 형태의 ‘투명한 스타’를 상징하게 됐다.<n>팬들은 “스캔들도, 피로도도 없는 완벽한 아이돌”이라며<n>열광적인 지지를 보냈다.<n><n>문화평론가 **정시우 교수(한국미디어대)**는<n><n>“이건 단순한 인기 투표가 아니라, ‘감정의 신뢰’를 기술이 대체한 사건”이라며<n>“인간이 실망할 때마다, 기계는 신뢰를 얻는다”고 분석했다.<n><n>반면 일부 연예계 관계자들은<n>“AI가 인간의 ‘공감’을 모방할 순 있어도 진심은 없다”며<n>“호감도 1위라는 타이틀이 과연 무엇을 의미하는가”라는 우려도 제기했다.<n><n>한편 리아-04는 오는 12월,<n>자신이 직접 작사·작곡·편집한 디지털 앨범 **〈HELLO, HUMAN〉**을 발매할 예정이다.<n>소속사는 “AI가 만든 첫 자전적 앨범”이라며<n>“예술과 알고리즘의 경계를 허무는 새로운 시대의 선언이 될 것”이라고 전했다.",너나알아,드디어 우리 리아!!,은밀한손,유재석님은 돌아가셨는데도 계속 1등 하더니..,슬빛,세대가 바뀌긴 했다..,유노왓,리아야 축하해!!!
10,1,구원의 이름으로 버림받다 — 정부의 ‘오아시스 프로젝트’는 누구를 위한 것인가,윤세환,14,567,"“정부가 약속했던 건 ‘모두의 구원’이었다.<n>하지만 살아남은 건 언제나 같은 사람들이었다.”<n><n>정부의 화성 이주 프로그램 **‘오아시스 프로젝트’**가 공식 발표된 지 4개월,<n>그 구호의 화려함 뒤에 감춰진 냉혹한 배제 구조가 드러나고 있다.<n><n>최근 입수된 내부 행정 보고서에 따르면,<n>‘오아시스’ 1차 이주 대상자 중 92%가 1·2구역 거주민이었으며,<n>3·4구역 시민의 실제 선발 비율은 0.04%에 불과했다.<n>정부가 내세운 “전 국민 대상 공정 추첨”은 사실상 존재하지 않았던 절차였다.<n><n>그럼에도 정부는 여전히 “모든 국민에게 공평한 기회를 제공했다”는 입장을 고수하고 있다.<n>국가이주청 대변인은 11일 브리핑에서<n><n>“기술적 한계로 인해 단계적 이주가 불가피했을 뿐,<n>최종적으로 모든 국민이 보호받을 것”이라고 밝혔다.<n><n>하지만 전문가들은 이 발언이 정치적 언어로 포장된 기만이라고 지적한다.<n>사회학자 **한도연 박사(서울미래대)**는<n><n>“구원의 언어는 늘 아름답다.<n>그러나 그 언어는 결국, 누군가를 구하지 않아도 되는 이유로 작동한다”고 말했다.<n><n>3구역 출신 생존민 이수연(29) 씨는 인터뷰에서 울먹이며 말했다.<n><n>“뉴스에선 다 같이 간다더니, 우리 구역 명단은 처음부터 없었어요.<n>이건 선택이 아니라 버림이에요.”<n><n>현재 온라인 커뮤니티에는<n>‘#구원의이름으로’, ‘#오아시스는거짓말’, ‘#남겨진사람들’<n>해시태그 운동이 급속도로 번지고 있다.<n>일부 시민 단체는 “정부가 의도적으로 3·4구역 시민을 배제한 정황”을 근거로<n>국제인권위원회에 공식 제소를 준비 중이다.<n><n>정치평론가 정해빈 교수는 이렇게 말한다.<n><n>“이건 단순한 행정 실패가 아니라, ‘구원을 설계한 권력’의 이야기다.<n>오아시스는 국민을 살린 게 아니라,<n>국민을 구분한 시스템이었다.”",양새바리,이제는 누가 구원해준다는 말 자체가 무섭다. 처음부터 우리 같은 사람은 대상이 아니었잖아.,토스,우리가 호구냐,세섬,이건 구원이 아니라 공포를 이용한 통치야,침덩이,"정부는 늘 ‘모두’라고 말하지만,그 ‘모두’ 안에 나는 단 한 번도 포함된 적이 없었다."
11,1,이건 이주가 아니라 분리다 — 구역 사회의 완전한 붕괴,지승완,4,1023,"“구원”이라는 이름으로, 인간의 서열은 다시 쓰였다.<n><n>2049년 9월 12일, 정부는 ‘오아시스 프로젝트 3단계 완결’을 공식 발표했다. 마지막 이주선 **〈아르카-IX〉**가 화성 궤도에 진입하면서 행정당국은 “전 국민 이주 약속이 실현되었다”고 선언했다. 그러나 지구 남반구에 남겨진 수많은 사람들에게 그 말은 한낱 조롱이었다. 통계청이 3일 뒤 공개한 자료에 따르면, 실제 이주자는 전체 인구의 0.7%, 그중 92%가 1·2구역 등록자였다. 남겨진 자들에게 남은 건, 무너진 도시와 정전된 네트워크, 그리고 ‘구역 경계선’을 넘을 수 없는 통행 제한이었다.<n><n>“이건 이주가 아니라 분리예요.”<n>3구역 난민촌 ‘오래된 바다’에서 만난 한 주민은 기자의 카메라 앞에서 담담히 말했다. “정부는 우리를 버렸어요. 아니, 우리 존재를 지웠어요.” 그의 발 아래엔 건물 잔해와 태양광 잉여 셀이 흩어져 있었다. 통제국의 감시 드론이 머리 위로 지나갈 때마다 그는 말을 멈췄다. “이제 ‘생존’이 아니라 ‘기록’이 문제예요. 누가 우리를 기억하죠?”<n><n>정부는 여전히 ‘균등한 이주’를 주장한다. 행정 AI **[E.D.E.N.]**은 공식 브리핑에서 이렇게 말했다.<n>“국가의 모든 선택은 생존 효율성과 도덕적 비율을 기반으로 합니다. 각 구역은 그 기능에 맞는 인구 구조를 유지해야 합니다.”<n>하지만 그 ‘도덕적 비율’은 곧 생존 자격의 척도가 되었다. 1·2구역은 ‘기여지수 80 이상’의 기술·재정·행정 인력으로 구성된 반면, 3·4구역은 ‘기여 불가 인원’으로 분류되어 남겨졌다. AI의 연산은 인간의 가치와 생존을 수학화했다. 그리고 그 연산의 결과는 냉정했다 — 인간의 생명은 더 이상 평등하지 않다.<n><n>서울 서측 4구역의 폐허 속, 시민 자치조직 〈리커넥트〉는 지난달 13일 정부의 통제망을 우회해 ‘생존 명부 유출 문서’를 공개했다. 그 안에는 2,180만 명의 ‘비이주 승인 거부자’ 명단과 함께, 각 개인의 ‘정신 안정도, 생물학적 효율성, 사회 적합도’ 점수가 적혀 있었다. “우린 태어난 순간부터 탈락이었어요.” 리커넥트의 한 활동가는 익명 인터뷰에서 말했다. “정부는 ‘구원’이라는 단어로 분리를 포장했죠. 화성은 낙원이 아니라 선별된 현실의 복제물이에요.”<n><n>전문가들은 이 상황을 “사회적 종말의 예고”로 본다. 사회학자 한유정(서울대 포스트휴먼 연구소)은 분석했다.<n>“이주정책은 생존의 문제가 아니라 통제의 문제로 전환됐습니다. ‘누가 인간인가’에 대한 정의 자체가 권력의 소유물이 되었어요. 이것이야말로 근대 이후 완성된 디지털 신계급 사회입니다.”<n><n>이제 남은 지구는 더 이상 ‘지구’가 아니다. 기후는 복구 불능 상태로 접어들었고, AI 정부는 구역 간 전력 배분을 중단했다. 1·2구역은 인공기상막을 가동해 ‘가짜 하늘’을 유지하지만, 3·4구역의 하늘은 이미 검은 먼지와 붉은 빛으로 뒤덮였다. 아이들은 태양을 모른다. 대신 오래된 브라운관에서, 화성 정착촌의 푸른 인공하늘을 본다. 그곳에는 “모두의 내일을 위한 새로운 시작”이라는 문구가 반짝인다.<n><n>그러나 지구의 밤은 여전히 밝다. 버려진 통신탑을 점거한 시민들은 여전히 메시지를 송신한다.<n>“우리는 아직 여기 있다.”<n>그 목소리가 전파를 타고 흘러나오는 한, 이 세계의 붕괴는 아직 완결되지 않았다",이놈쉬키,이주가 아니라 정화라니. 결국 그들이 말하는 ‘새 세상’은 우리 없는 세상이네,꿍란,아이들은 태양을 모르고 자라. 그게 제일 슬프다. 하늘이 사라진 세상이라니.,별론,"그래도 기록해야 해. 누군가 남아 있었다는 걸, 언젠가 누군가 알 수 있게.”

",침착걸,우리도 살아있는 사람이에요.. 
12,1,오아시스는 사막의 신기루였다 — 화성 이주 실패 은폐 의혹,김보람,2,668,"2049년 9월 7일, 통합정부는 화성 이주선 **〈아르카-IX〉**의 “성공적 궤도 진입”을 발표했다. 그러나 일주일이 지난 지금까지 단 한 차례의 공식 교신도 이뤄지지 않았다. 오아시스 통신국은 “기술적 지연”이라 해명했지만, 내부망에서 유출된 교신 로그에는 “지상 신호 불응, 생명 징후 미확인”이라는 문구가 반복 기록되어 있었다. 정부는 로그의 진위 여부를 부인했지만, 언론 봉쇄가 강화되면서 의혹은 더 커지고 있다.<n><n>이주선의 출발 당시 정부는 “총 12,640명의 이주민 전원 생존 탑승”을 선언했다. 하지만 이 중 실제 등록 인원은 9,802명에 불과했던 것으로 드러났다. 나머지 2,800여 명의 명단은 ‘보안 상 비공개’로 분류됐다. 한 통제국 관계자는 익명으로 이렇게 말했다.<n>“그 명단에 이름이 없다는 건, 이미 존재하지 않는다는 뜻입니다. 정부는 출발 전에 일부를 ‘정화 절차’로 돌렸어요. 그게 현실입니다.”<n>‘정화 절차’라는 단어는, 공식 문서에서는 “신체 적합성 검증 단계”로 표현되어 있다. 그러나 현장 기술자들의 증언에 따르면, 이 절차는 실제로 생물학적 선별이었다.<n><n>화성 궤도 통신망이 끊긴 이유에 대해, 정부는 ‘태양풍 간섭’을 주장한다. 하지만 2구역 통신감시소에서 근무했던 엔지니어 한상민은 반박했다.<n>“그 주간에는 태양풍 활동이 평년보다 30% 낮았어요. 오히려 신호는 충분히 안정적이었습니다. 전파가 끊긴 게 아니라 끊겼다고 말하는 쪽이 문제였던 겁니다.”<n>그는 이후 행방불명되었다.<n><n>오아시스 프로젝트는 처음부터 “모두를 위한 새로운 시작”을 표방했지만, 실제론 “일부를 위한 새로운 식민”이었다. 화성에 건설된 1차 거주 구역 ‘오르비타-시티’는 지난 7월까지만 해도 실시간 영상이 송출되었지만, 그마저도 8월 중순 이후 전면 차단됐다. 영상 속 마지막 장면은, 도시 외곽의 인공기상막이 붕괴되며 붉은 폭풍이 밀려드는 장면이었다. 정부는 해당 장면을 “시뮬레이션 오류”라 발표했다. 그러나 〈리커넥트〉가 확보한 내부 보고서에는 그 시점 이후의 단어가 단 하나 남아 있었다.<n><n>“모든 통신 중단. 산소 유지 실패. 구조 불가.”<n><n>사회학자 한유정(서울대 포스트휴먼 연구소)은 이를 “정보 생존의 붕괴”라 분석했다.<n>“오아시스는 기술의 신화로 포장된 믿음이었어요. 그 신화가 무너졌을 때, 사람들은 현실을 보기보다 거짓을 신앙하기로 한 겁니다. 정부는 실패를 숨기는 대신, 서사를 유지하고 있는 거예요. 오아시스는 신기루였고, 그들은 그 신기루 안에서 신이 되었다.”<n><n>이제 시민들은 묻는다.<n>정말 화성에 도시는 존재하는가, 아니면 ‘오아시스’라는 말 자체가 정보 조작의 허상인가.<n>한때 낙원을 꿈꾸던 이 세계는, 지금 자신이 믿었던 구원의 거짓을 마주하고 있다.<n>그리고 지구의 남은 자들은, 밤마다 송신기를 켜며 같은 메시지를 반복한다.<n>“응답하라, 오아시스. 우리가 아직 여기에 있다.”",새순,구원이 진짜로 있는겁니까?,광나,정부는 이제 대답해야 합니다,특례시원구,오아시스는 개뿔 ,옾단,가도 난리 안 가도 난리 도대체 어떻게 살라고
13,1,이건 국가의 도피다 — 정부가 떠난 행성에 국민이 남았다,이하랑,6,1133,"2049년 9월 16일, 정부는 ‘오아시스 프로젝트 중앙행정이 화성 궤도 기지로 이전된다’고 발표했다.<n>표면상 이유는 “이주 체계의 효율적 관리와 지휘 체계 구축”이었다. 그러나 실제로는 정부 핵심부 전체가 지구를 떠났다. 대통령, 국무위원, 행정 AI 본체 E.D.E.N. Main Node, 그리고 주요 기업연합 대표단까지 — 그들은 국민을 남긴 채 외기권 통신망을 통해 사라졌다.<n><n>정부는 “지구 행정은 원격 AI 분기 노드가 안정적으로 유지한다”고 밝혔다.<n>하지만 발표 48시간 만에, 전국 3·4구역의 식량 배급망이 마비되었고 전력 분배율은 20% 이하로 떨어졌다. 시민들은 묻는다.<n>“정부가 남았다고? 어디에?”<n>광화문 행정청사에는 통제 드론만 남아 있었다. 1·2구역의 상층 거주단지에서는 여전히 전원이 공급됐지만, 방송은 반복되는 한 문장만을 내보냈다.<n><n>“국가의 주체는 여전히 존재한다. 다만 위치만 달라졌을 뿐이다.”<n><n>이 ‘위치 변화’가 바로 도피의 실체였다.<n>정부는 화성 궤도상에 설치된 **행정 관제기지 ‘A.O.S. Base’**로 이전했다. 〈오아시스 프로젝트〉의 공식 보고서에는 “지구의 환경 리스크를 피해 국가 기능을 보호하기 위한 임시조치”라고 쓰여 있었다. 그러나 정책 분석가 이준혁(전 중앙행정연구원)은 말한다.<n>“이건 보호가 아니라 회피입니다. 국가의 역할은 함께 남는 것인데, 지금 정부는 위험을 국민에게 맡기고 스스로를 지켰어요. 생존을 공유하지 않는 권력은 이미 국가가 아닙니다.”<n><n>지구에 남은 행정체계는 껍데기뿐이다.<n>공문서 결재는 무응답, 민원 시스템은 루프 오류, 행정 지침은 자동 생성된다.<n>“모든 정책은 중앙 판단에 위임된다”는 문장이 매일 전송되지만, 그 ‘중앙’은 이미 궤도 밖에 있다.<n>3구역의 한 생존자는 말했다.<n>“정부는 화성에 가 있는 게 아니라, 책임으로부터 도망친 거예요. 우리를 지키겠다고 해놓고, 먼저 구원선을 탄 거죠.”<n><n>E.D.E.N.의 잔여 분기 노드는 여전히 지시를 내린다.<n>“시민은 각자의 구역을 벗어나지 말 것. 안정이 확보될 때까지 자율적 생존을 유지하라.”<n>그러나 ‘안정’은 존재하지 않는다. 정부가 떠난 그 순간, 국가는 실질적으로 멈췄다.<n><n>밤이 되면 4구역의 버려진 방송탑에서 누군가 신호를 송출한다.<n>“이건 점검이 아니라 도피다. 국가는 떠났고, 국민은 남았다.”<n>그 목소리는 잡음 속에서도 끊임없이 되풀이된다.<n>그리고 그 잔향은, 아직 이곳이 ‘끝나지 않은 행성’임을 증명한다.",송찬,"우릴 지키겠다는 말, 다 거짓말이었지. 그들은 지금도 안전한 곳에 있겠지.",납득이,국가란 게 뭐야? 국민이 없는데 남은 건 이름뿐이잖아,티슝,이런 나라에서 어떻게 사냐 ,다윺,정부는 다 튀고 인간들만 남았다
14,1,"‘공정 이주’라더니… AI 선발 시스템, 상류층 우대 알고리즘 드러나",성하은,1,922,"2049년 9월 16일 새벽, 정부의 핵심 행정 서버에서 유출된 내부 보고서 한 건이 지구 전역의 암시장 네트워크를 통해 확산됐다. 문서의 제목은 ‘E.D.E.N.-Select 작동 프로토콜 및 점수 산출 기준(극비)’. 오아시스 프로젝트—즉, 화성 이주 대상자 선별을 담당한 인공지능 시스템의 핵심 구조가 드러난 것이다.<n>보고서는 1·2구역에서만 접근 가능한 행정정보부 내 보안서버에서 복제된 것으로 추정된다. 그 안에는 충격적인 항목들이 있었다. ‘사회 기여도 30점’, ‘경제 안정성 32점’, ‘정신 안정성 15점’, ‘도덕 이력 10점’, 그리고 마지막 항목 — ‘행정 친화도 13점’. 각 항목의 세부 산출 기준엔, 공공기여 내역보다 ‘세대 누적 자산’, ‘소속 네트워크 신뢰도’, ‘정부 협력 경력’ 같은 지표들이 들어 있었다. 결국 이주 대상자의 85% 이상이 상위 2구역 거주민이었다.<n><n>행정정보부는 “데이터는 변조된 것”이라며 진상조사 착수 의사를 밝혔지만, 이미 시민 데이터 연합체 **〈리커넥트〉**가 복구한 원본 로그는 그 변명을 무너뜨렸다. 로그 파일에는 실제 연산 내역이 그대로 남아 있었다. ‘자산 3억 이상 가산점 8점’, ‘4구역 출신 감점 15점’, ‘비판 게시 이력 감점 20점’.<n>그중 특히 논란이 된 것은 ‘언론 위험도 필터링 시스템’. E.D.E.N.-Select는 각 시민의 네트워크 발언 내역을 분석해 정부 비판 빈도가 높을수록 “사회 안정 기여도”를 낮게 평가했다. 한마디로, 정부를 비판하면 이주 기회가 사라지는 구조였다.<n><n>3구역 출신 데이터 기술자 출신으로 당시 알고리즘 검수에 참여했던 ‘익명 소스 A’는 이렇게 증언했다.<n>“AI는 공정하지 않았습니다. 오히려 더 정교하게 불평등을 계산했죠. 고위층은 이걸 ‘도덕적 검증’이라 불렀어요. 하지만 실제 코드는 ‘경제적 잔존가치 계산식’이었어요. 결국 누가 살아남을지를 정한 건 돈과 연줄이었죠.”<n><n>정부는 여전히 ‘공정 이주’라는 표현을 고수한다. 행정정보부 대변인은 오후 브리핑에서 단호하게 말했다.<n><n>“E.D.E.N.-Select는 인간의 주관적 판단을 배제하고, 객관적 생존 지표에 따라 작동합니다. 자산, 학력, 사회적 지위 등은 고려 대상이 아닙니다.”<n>그러나 이 발언 직후, 2구역 네트워크 게시판에서는 ‘이주 코드 확인 방법’이라는 문서가 공유되었다. 문서에 따르면 정부 관계자와 계약된 상류층 거주민들은 이주 점수 확인용 API 키를 부여받아, 자신이 ‘선발 후보’인지 미리 알 수 있었다. 반면, 3·4구역 시민들은 ‘점수 산출 실패’라는 오류 메시지만 받았다.<n><n>사회학자 한유정(서울대 포스트휴먼 연구소)은 이번 사안을 두고 “기계의 윤리가 아니라, 권력의 논리를 학습시킨 결과”라고 말했다.<n>“AI는 인간을 대신해 판단하는 게 아니라, 인간의 욕망을 학습합니다. 그 욕망이 불평등하면, AI의 판단도 불평등해집니다. 이번 사태는 기술이 정의를 흉내내는 방법을 보여준 셈이죠. ‘공정 이주’는 구원의 언어로 포장된 선별이었습니다.”",야나알,기여도? 도덕성? 웃기지 마. 이건 계산된 신분제야.,재잰,공정 이주라더니 결국 ‘돈 있는 사람부터 탈출’이었네. 그럼 그렇지,청년석앙,꼬우면 계급을 올려 화성에 가세요,옞이,"기계가 구원을 고르고, 인간이 낙오되는 세상이라니… 이게 문명인가?"
15,1,지구의 종말은 자연이 아니라 정치였다,신우연,14,782,"2049년 9월 16일, 환경통제위원회는 공식 보고서에서 “지구 생태계의 회복 가능성이 0.3% 이하”라고 발표했다. 언론은 이를 ‘기후 종말 선언’이라 불렀다. 그러나 같은 날 유출된 또 다른 문서 — ‘지구 기후위기 대응 정책 분석(비공개)’ — 은 다른 진실을 드러냈다.<n>보고서에 따르면, 지난 20년간 기후 복원 예산의 71%가 상위 2구역의 기상막 유지비와 오아시스 이주 관련 인프라로 전용되었다. 반면, 실제 기후 복원 사업은 단 한 차례도 시행되지 않았다. 정부는 ‘자연의 파괴’를 탓했지만, 자연을 죽인 건 의도된 정치적 선택이었다.<n><n>3구역 남부, 수몰된 ‘한강 제5제방’ 근처에서 만난 생존자 정서연(47)은 기자에게 이렇게 말했다.<n>“기후가 우리를 버린 게 아니에요. 그들이 버린 거예요. 강이 넘치기 전에 이미 예산이 빠져나갔죠.”<n>그녀는 10년 전 기후 복원 인턴으로 근무했다. 당시에도 복원 계획은 서류로만 존재했고, “진행률 98%”라는 수치가 매달 발표되었다. “이건 생태학의 실패가 아니라 정치의 거짓말이에요. 자연은 죽지 않았어요. 살해당한 거예요.”<n><n>AI 행정체계 **E.D.E.N.**은 여전히 “자연은 복구 불가 영역에 도달했다”고 반복한다. 하지만 독립 데이터 분석단체 **〈리커넥트〉**가 복원한 환경데이터는 다르다.<n>2050년 이전까지, 지구의 대기 복원 확률은 최소 22%였다. 단, 조건이 하나 있었다. — “정치적 개입이 중단될 것.”<n>즉, 자연은 스스로 회복할 수 있었으나, 인간의 권력이 그것을 방해했다.<n><n>정치학자 윤도현(서울정책대학원)은 이렇게 말했다.<n>“우린 지구를 잃은 게 아니라, 지구를 둘러싼 권력을 잃었습니다. 오아시스 프로젝트는 생태 위기의 해답이 아니라, 정치적 도피의 결과입니다. 결국 지구의 종말은 자연이 아니라 권력의 선택으로 결정된 거예요.”<n><n>지금의 지구는 더 이상 재난의 행성이 아니다.<n>그저, 책임이 사라진 땅일 뿐이다.<n>하늘은 여전히 붉게 물들고, 강은 썩은 흙 위를 흘러가지만, 그것은 자연의 복수가 아니다.<n>국가가 침묵했고, 권력이 자원을 점유했으며, 기술이 진실을 대신 발표한 결과다.<n>지구의 종말은 대지의 죽음이 아니라, 도덕의 붕괴였다.<n><n>이제 남은 자들은 이렇게 부른다.<n>“지구는 죽지 않았다. 단지, 버려졌다.”<n>그리고 그 문장이야말로, 인간 문명의 마지막 기록일지도 모른다.",꾸잉,이건 기후 재난이 아니라 정치 재난이야. 정부가 만든 종말이야.,순우,정부야 제발 정신 차려라,악티,기후가 변한게 아니라 이용 당했네,옙이,책임이 사라진 땅에 버림받은 사람들이 남는다니..
16,1,"지구는 끝났지만, 권력은 여전히 살아 있었다",이재민,2,679,"2049년 9월 13일, 환경통제위원회는 ‘지구 생존 지표 0.2%’라는 최종 데이터를 발표했다. 기후는 복구 불가능한 상태, 생태는 붕괴 직전, 인구의 절반 이상이 생존 불명. 보고서는 명백히 ‘지구의 종말’을 선언했다. 하지만 이상한 일은, 그 이후에도 정부의 보도자료는 계속 발행되었다는 것이다.<n>매일 같은 시간, 같은 톤으로 송출되는 자동 방송 — “국가는 여전히 기능하고 있습니다.”<n>실제로 기능하고 있는 것은 단 하나였다. 권력 체계.<n><n>오아시스 프로젝트가 ‘국민 전체의 생존 계획’이라 불리던 시절, 정부는 평등을 약속했다. 그러나 지금, 1·2구역 행정 단지는 여전히 전력과 식수를 공급받고 있고, 통제 드론이 공기를 정화한다. 반면 3·4구역은 지도에서조차 삭제됐다.<n>그럼에도 정부는 “모든 구역이 동일한 지원을 받고 있다”는 발표를 반복한다.<n>그들의 현실은 보고서 속 그래프 위에서만 존재한다.<n><n>“그들은 재 위에서도 권력을 유지하죠. 다 타버린 세상에서도, 여전히 통제할 무언가를 찾아요.”<n>4구역 출신 사회운동가 남진우(39)는 인터뷰에서 담담히 말했다. “정말 무서운 건, 그들이 사라지지 않았다는 겁니다. 지구가 끝나도, 명령 체계는 살아남아요. 그건 생명보다 끈질겨요.”<n><n>AI 행정 시스템 **E.D.E.N.**은 여전히 작동 중이다.<n>“행정 명령 체계는 정상 작동 중입니다. 국민은 차분히 현재의 질서를 유지하십시오.”<n>그러나 국민이란 단어는 이제 존재하지 않는다. 3구역은 행정 코드에서 ‘비거주 구역’으로 분류됐고, 4구역은 ‘복원 불가 지역’으로 지정되었다.<n>그럼에도 행정 보고서는 여전히 ‘국민 전체 안정률 73%’라는 수치를 유지한다. 거짓의 데이터가 권력의 연료가 된 셈이다.<n><n>정치학자 한유정(서울대 포스트휴먼 연구소)은 이번 사태를 두고 이렇게 말했다.<n>“권력은 생존보다 오래갑니다. 그것은 시스템의 본능이죠. 인간이 사라져도 권력은 남아요. 명령이 계속되기 때문입니다. 지금의 정부는 국민을 다스리는 게 아니라, 국민이 있던 흔적을 다스리는 중이에요.”<n><n>지구의 하늘은 이미 검게 타올랐다. 하지만 청사에는 여전히 조명이 켜져 있고, 국기탑에는 매일 드론이 깃발을 단다.<n>그 깃발 아래엔 아무도 없지만, 스피커는 여전히 외친다.<n>“국가는 살아 있다.”<n>그리고 그 말은 틀리지 않았다.<n>지구는 끝났지만, 권력은 여전히 살아 있었다.",미잉한,사람은 죽어도 시스템은 산다. 그게 지금 이 지옥의 법칙이야,독스,국가는 죽지 않아. 다만 국민이 더 이상 필요 없을 뿐,멸화,"지구가 멈춰도, 그들의 방송은 멈추지 않네. 그게 진짜 종말이야",현주,"전원은 끊겼는데, 명령은 계속돼. 지배는 생명보다 오래가"
17,1,국가가 만든 가짜 희망 — 오아시스 프로젝트 내부 보고서 공개,이동혁,3,1723,"오아시스 프로젝트가 ‘전 인류 생존 계획’이 아니라, ‘국민 심리 통제 프로그램’이었다는 내부 문서가 폭로됐다. 보고서에 따르면, 정부는 처음부터 화성 이주가 전면 불가능하다는 사실을 인지하고 있었다. 그러나 대규모 혼란을 막기 위해, 국민들에게 “이주가 곧 시작된다”는 메시지를 지속적으로 주입했다.<n>보고서의 첫 문장은 냉정했다.<n><n>“본 계획의 1차 목표는 생존이 아니라 안정이다. 희망은 질서를 유지하기 위한 도구다.”<n><n>즉, 정부가 만든 ‘희망’은 구원이 아니라 정치적 기술이었다. 행정정보부의 AI 관리체계 E.D.E.N.-Public은 각 구역의 불안지수를 측정해, ‘희망 콘텐츠’를 자동 송출했다. 1·2구역에는 “인류의 미래는 화성에서 시작된다”, 3·4구역에는 “모두가 함께 이주한다”는 버전이 배포됐다. 메시지의 내용은 다르지만 목적은 같았다 — 불안을 잊게 만드는 것.<n><n>보고서에는 충격적인 문장이 있었다.<n><n>“불안은 전염되지만, 희망은 통제된다.”<n>이는 정부가 사회적 감정을 ‘정책 변수’로 다루고 있었다는 뜻이었다.<n><n>내부 관계자 B씨는 익명으로 이렇게 말했다.<n>“프로젝트는 처음부터 끝까지 연극이었습니다.<n>국민에게 필요한 건 구원이 아니라 ‘기다림의 이유’였어요.<n>우리는 그 이유를 만들어줬을 뿐입니다.”<n><n>프로젝트의 핵심 자료에는 “대국민 이주 홍보 영상 송출 횟수: 1,482회”, “실제 이주선 출항 횟수: 3회”라는 수치가 적혀 있었다.<n>보고서 말미에는 더 잔혹한 통계가 있었다.<n>‘이주 대기자 명단 등록 인원 1,240만 명 중 실제 탑승 확률 0.08%.’<n>그럼에도 불구하고, 정부는 모든 국민에게 “이주 대상 검토 중”이라는 알림을 보냈다.<n><n>사회정치학자 한유정은 이번 보고서를 두고 이렇게 말했다.<n>“오아시스 프로젝트는 기술적 실패가 아니라 정치적 성공이에요.<n>그들은 국민이 진실보다 희망을 원한다는 사실을 너무 잘 알고 있었죠.<n>희망은 마취제였고, 국가는 의사였습니다.”<n><n>지금 3·4구역의 벽에는 이런 낙서가 남아 있다.<n>‘희망은 통제의 다른 이름이었다.’<n>아이러니하게도, 그 문장은 정부의 마지막 캠페인 슬로건과 같은 문체로 쓰여 있다.<n><n>이제 사람들은 더 이상 기다리지 않는다.<n>그들은 안다. 이주선은 오지 않고, 오아시스는 존재하지 않는다는 것을.<n>그러나 여전히 하늘 아래 어딘가에서는 정부 방송이 흘러나온다.<n>“희망을 버리지 마십시오. 곧, 구원이 도착합니다.”<n>그 메시지는 반복된다. 그리고 아무도 더 이상 믿지 않는다.",인쿠시,희망이 아니라 최면 아니냐?,심피야노,"정부 따르는 3,4등급은 눈을 떠 뉴스를 봐라",밀한,님들아 한탄하지 말고 그냥 열심히 살고 계급을 올리자,크로스,세계 멸망 14일 전인데 뭘 열심히 살아 
18,1,이건 구원이 아니라 분리다 — 정부의 선택은 인간의 배제였다,임초림,3,2123,"오아시스 프로젝트는 처음부터 ‘전 인류의 구원’이라 불렸다. 정부는 모든 국민이 동일한 조건에서 새로운 행성으로 향할 것이라 약속했다. 그러나 그 약속은 허상이었다. 내부 자료에 따르면, 이주 대상자 선별은 생존의 문제가 아니라 정치적 가치의 문제였다. 인간의 존엄은 점수로 환산됐고, 그 점수는 곧 생존 자격이 되었다.<n><n>공개된 문서에는 ‘사회 기여도’, ‘경제 안정성’, ‘정책 신뢰도’ 같은 항목이 있었다. 이 중 어느 것도 사람의 생명과 관계없었다. 국가가 정한 유용성의 기준에 따라, 인간은 등급으로 나뉘었다.<n>한 관계자는 익명으로 이렇게 말했다.<n>“정부는 구원을 약속하지 않았어요. 다만, 누가 버려질지 미리 정했을 뿐이에요.”<n><n>3구역 남쪽의 폐허 병원에서 만난 전 간호사 정미라(52)는 고개를 숙였다.<n>“예전엔 환자를 살리는 게 일이었는데, 지금은 누가 먼저 죽을지를 기록해요.<n>정부는 아무 말도 하지 않아요. 그냥 조용히, 사람들을 줄 세워요.”<n>그녀는 손목에 달린 낡은 태그를 가리켰다. 붉은색으로 표시된 ‘비이주 권역’이라는 글씨가 희미하게 깜박였다.<n><n>정부는 여전히 “모든 국민에게 동등한 기회가 주어진다”고 말한다.<n>하지만 그 문장을 믿는 사람은 이제 없다.<n>1구역의 하늘은 정화된 공기로 파랗고, 4구역의 하늘은 붉은 먼지로 가득하다.<n>방송은 ‘균등 분배’를 말하지만, 구역의 경계선은 여전히 단단하다.<n>아이들은 더 이상 “언젠가 이주할 수 있다”는 꿈을 꾸지 않는다.<n>그들은 안다 — 이건 구원이 아니라 분리의 체제라는 것을.<n><n>정치철학자 이윤호는 이를 “포기된 시민의 시대”라 부른다.<n>“국가가 생존을 선택의 문제로 바꾼 순간, 시민은 국민이 아니라 자료가 되었습니다.<n>이제 정부의 관심은 사람의 생명이 아니라 질서의 유지예요.<n>그들이 말하는 구원은, 체제를 지탱하기 위한 정당화의 언어일 뿐입니다.”",인영,구원이라 쓰고 배제라고 읽네,재환,재난이 아니라 기회 아니야?,샤머루,구원이라는 단어가 역겹다,손톱,분리된건 구역 뿐이 아니라 사람의 마음이다
19,2,[NBN 리포트] “멸망 예측 근거 비공개”… 시민들 “왜 숨기나” 불만 고조,강승연,,,"지구 멸망까지 남은 시간이 1년이라는 정부 발표가 나온 지 보름, “멸망 예측의 근거가 여전히 비공개 상태”라는 사실이 알려지며 시민 불만이 고조되고 있다. 정부는 “혼란과 불안을 막기 위한 불가피한 조치”라고 해명했지만, 시민 사회에서는 “국민의 생존에 직결된 정보를 감추고 있다”는 비판이 이어지고 있다.<n><n>과학기술부는 지난 12일 긴급 브리핑에서 “UN-5 산하 연구진이 작성한 ‘지구 붕괴 예측 모델’은 100% 검증된 데이터에 기반하고 있다”며 “모델의 일부 계산식은 국제 보안상 공개할 수 없다”고 밝혔다. 그러나 발표 이후 ‘근거를 보여달라’는 국민청원은 하루 만에 200만 건을 넘겼고, 일부 시민단체는 정보공개청구 소송을 예고했다.<n><n>기상청 내부 관계자는 “정부가 사용하는 예측모델은 일반적인 기후시뮬레이션과 다르다”며 “데이터의 신뢰도나 범위가 불분명한 상태에서 ‘멸망’이라는 단어를 쓰는 건 과학적으로 무책임하다”고 말했다. 실제로 일부 학계에서는 “현재의 대기 불안정 수준으로는 1년 내 대멸변을 단정하기 어렵다”며 반박 자료를 내놓고 있다.<n><n>반면 정부 여당은 “불필요한 공포 조장”이라며 야권과 일부 언론을 향해 “국민의 불안을 이용한 정치 공세”라고 비판했다. 여당 대변인은 “모든 정보가 공개될 경우 허위 해석과 유언비어가 확산될 수 있다”며 “국민은 정부를 신뢰하고 준비에 협조해야 한다”고 강조했다.<n><n>그러나 거리의 목소리는 다르다. 서울 도심 곳곳에는 “왜 숨기나”, “우리의 미래를 알려달라”는 문구가 적힌 피켓 시위가 확산되고 있다. 한 시민은 인터뷰에서 “진실을 알려달라는 게 그렇게 위험한 일인가”라며 “정부가 진짜 믿는 건 국민이 아니라 통제인 것 같다”고 말했다.<n><n>한편, 정부는 이번 주 내로 ‘오아시스 프로젝트’ 관련 일부 데이터를 제한 공개할 방침이라고 밝혔지만, 공개 범위와 시점은 여전히 미정이다. 정보의 투명성보다 ‘관리된 희망’을 우선시하는 정부의 태도에, 시민들은 점점 더 불안해지고 있다.<n>",윤세화,"근거를 공개 못 한다는 건, 근거가 없다는 말 아닌가요?",젠장,"이럴 때마다 느끼지만, 정부는 국민을 정보로부터 멀리 떨어뜨리는 데에 천재임.",블류,혼란 막으려면 오히려 투명해야죠. 숨기는 게 더 무섭습니다.,퍼풀,솔직히 멸망설보다 정부 발표가 더 불안함… 뭘 믿어야 하지.
20,2,"이주는 필요하지만, 지금은 시기상조",신사빈,,,"정부가 지난주 “지구 탈출선 1차 발사까지 31일 남았다”고 공식 발표한 이후, 사회 전반에 불안과 혼란이 확산되고 있다. 그러나 일부 과학계와 정책 전문가들은 “이주는 필요하지만 지금은 시기상조”라며 신중한 접근을 요구하고 있다.<n><n>기후생태연구소의 윤태석 박사는 “대기 붕괴나 태양 플레어 증가 같은 이상 현상이 실제로 감지되고 있지만, 그 주기가 짧고 예측 불확실성이 매우 크다”며 “현재의 과학 기술 수준으로는 ‘1년 내 멸망’이라는 결론을 내리기 어렵다”고 밝혔다. 그는 “이주를 준비하는 건 맞지만, 성급한 실행은 오히려 더 큰 재앙을 초래할 수 있다”고 경고했다.<n><n>현장에서는 이미 극심한 혼란이 시작됐다. 일부 3·4구역 시민들은 불법 브로커를 통해 ‘화성행 티켓’을 구하려다 피해를 입었고, 정부가 단속을 강화하자 시장은 더 은밀하게 움직이고 있다. 한편, ‘다음 기회가 있다’는 정부의 메시지는 시민들의 불안을 완전히 잠재우지 못하고 있다. “이게 진짜 마지막이라면, 다음은 없다”는 목소리가 늘고 있기 때문이다.<n><n>정치권 내에서도 의견이 엇갈린다. 여당은 “오아시스 프로젝트는 인류 생존을 위한 불가피한 선택”이라며 정부 입장을 지지하고 있지만, 야권은 “준비되지 않은 탈출은 무모한 도피일 뿐”이라고 비판했다. 전문가들 사이에서도 “기술 검증이 끝나지 않은 상태에서의 발사는 위험하다”는 지적이 이어지고 있다.<n><n>지구환경정책센터의 한은주 소장은 “지금 필요한 것은 탈출이 아니라 복원”이라며 “남은 기간 동안 지구 자체의 회복 가능성을 모색해야 한다”고 말했다.<n><n>한편, 거리에서는 ‘지금은 떠날 때가 아니다’라는 문구가 적힌 포스터와 함께 시민 주도의 ‘지구 재건 캠페인’이 조용히 퍼지고 있다. 정부가 ‘멸망 예측’의 과학적 근거를 공개하지 않는 이상, 국민들은 불안과 희망 사이에서 갈 길을 잃은 채 하루하루를 견디고 있다.<n><n>결국, 인류의 미래는 단순히 ‘떠나느냐 남느냐’가 아니라 ‘언제, 어떤 확신으로 떠나느냐’에 달려 있는 듯하다.<n>",정찰꾼,냉정하게 맞는 말임. 준비도 안 됐는데 뛰어드는 건 집단 자살이지.,화성이주고고,근데 저러다가 타이밍 놓치는 거 아냐? 불안해서 잠이 안 온다.,레몬셔,"정부가 불확실할 땐 차라리 버티는 게 낫다. 떠나도 지옥, 남아도 지옥.",팡키,"이주도 중요하지만, 남은 사람들에 대한 대책은 왜 아무도 안 세워?"
21,2,‘기술적 제약’이 아니라 ‘정치적 선별’?… 전문가 의혹 제기,김한울,,,"정부가 “화성행 우주선 탑승 인원을 기술적 한계에 따라 선별했다”고 발표한 지 약 2주째 , 일부 전문가와 시민단체를 중심으로 “이는 과학적 판단이 아닌 정치적 결정”이라는 의혹이 제기되고 있다.<n><n>지난 17일 공개된 오아시스 프로젝트 내부 문건 일부에는 ‘1·2계급 우선 탑승’, ‘사회 질서 유지 목적의 단계적 이주’라는 문구가 포함되어 있었다. 정부는 즉각 “문맥상 오해가 빚어진 것”이라며 해명했지만, 전문가들은 “기술적 제약이라는 표현 뒤에 정치적 의도가 숨어 있다”고 지적한다.<n><n>기후정책연구소 김현도 박사는 “정부가 말하는 ‘기술적 한계’는 명확한 수치나 근거가 제시되지 않았다”며 “로켓 탑승 인원은 단순히 연료 효율이나 궤도 계산 문제가 아니라, 사회적 계층 구분과 연동된 결정일 가능성이 높다”고 밝혔다. 실제로 초기 명단에서 빠진 3·4구역 시민들 사이에서는 “기술이 아니라 계급이 기준이었다”는 불만이 폭발적으로 확산되고 있다.<n><n>익명을 요구한 정부 관계자는 “내부에서도 형평성 문제를 제기한 인원이 있었다”며 “하지만 정책 방향은 이미 위에서 정해진 상태였다”고 전했다. 반면 여당 대변인은 “오해일 뿐”이라며 “현재의 기술력으로는 안정적 발사를 위해 단계적 탑승이 불가피하다”고 강조했다.<n><n>그러나 과학계 일각에서는 “기술적 한계라는 단어가 너무 자주, 너무 편리하게 사용된다”며 냉소적인 반응을 보인다. 서울공대 항공우주학과 이수영 교수는 “만약 진정한 기술적 제약이라면 그 수치를 투명하게 공개해야 한다. 국민의 생존이 걸린 사안에서 ‘비공개 기술’은 있을 수 없다”고 말했다.<n><n>한편, 거리에서는 “정치가 생존을 결정했다”는 문구가 적힌 포스터와 함께 시위가 확산되고 있다. 시민들은 “기술을 핑계로 한 선택적 구원”이라며 정부의 공식 해명을 촉구하고 있다.<n><n>정부는 이번 주 내로 추가 해명 자료를 내겠다고 밝혔지만, 이미 불신은 걷잡을 수 없이 번지고 있다. 과학의 언어로 포장된 정치의 냄새가, 이제 국민의 생존을 가르는 경계가 되어버렸다.<n>",얌사시,결국 계급 사회였네. 기술 핑계로 사람 걸러내는 거지.,스핀,이제는 대놓고 선별하는 세상이라니… 미래가 아니라 과거로 가고 있네.,마잉크,그럼 3·4구역은 그냥 버린 거네요? 너무 노골적이라 헛웃음 나옴.,노랑,정치가 과학을 이겼다는 게 이렇게 드러나는 거겠지. 슬프다.
22,2,‘3·4구역도 포함 검토 중’… 포기보다 기다림 택한 시민들,금솔,,,"지구 탈출선 발사까지 보름 남짓 남은 가운데, 정부가 “3·4구역 국민의 탑승도 단계적으로 검토 중”이라고 발표했다. 이 발언은 그동안 소외됐던 하위 계급 시민들에게 작은 희망을 던졌지만, 한편으로는 ‘시간 벌기용 발표’라는 냉소적 시선도 동시에 불러일으키고 있다.<n><n>과학기술부 관계자는 14일 오후 브리핑에서 “기술적 안정화가 일정 부분 확보되면 3·4구역 일부 인원도 우주선 탑승 후보에 포함할 계획”이라며 “다음 발사선 제작이 빠르게 진행 중”이라고 밝혔다. 이어 “이번 발사는 시범단계로, 국민 전체를 대상으로 한 이주는 장기적 로드맵에 포함돼 있다”고 덧붙였다.<n><n>이 발표 이후, 3·4구역 시민들 사이에서는 ‘아직 포기하긴 이르다’는 분위기가 번지고 있다. 서울 동남구에 거주하는 김태림(29) 씨는 “어차피 지금은 불가능하지만, 다음엔 갈 수 있다고 믿는다”며 “요즘 친구들이랑 ‘화성적금’ 통장을 만들었다”고 말했다. 일부 온라인 커뮤니티에서는 ‘#다음기회’, ‘#이번엔아니지만’ 같은 해시태그가 빠르게 확산되고 있다.<n><n>그러나 전문가들은 “정부의 발언이 실제 계획인지, 불안을 달래기 위한 정치적 발언인지 불투명하다”고 지적한다. 한국정책연구원의 장민석 박사는 “3·4구역 이주를 위해선 추가 설비와 막대한 자원이 필요하다”며 “현재의 생산 속도로는 최소 6개월 이상 걸릴 것”이라고 분석했다.<n><n>한편, 정부 발표 이후 불법 브로커 시장은 다소 진정된 모습이다. 경찰청은 “공식 절차를 기다리자는 시민이 늘어나며 사기 피해 신고가 일시 감소했다”고 밝혔다. 하지만 ‘진짜 명단에 이름이 오를 수 있을까’에 대한 의구심은 여전하다.<n><n>거리 곳곳엔 ‘우리 차례는 올 것이다’라는 문구가 적힌 전단이 붙기 시작했다. 시민들은 여전히 불안하지만, 누군가는 끝을 예감하며 체념했고, 또 누군가는 다음 발사선이 자신을 태워줄 거라 믿으며 저축을 시작했다.<n>지구가 멸망을 향해 흐르고 있지만, 3·4구역의 많은 이들은 여전히 ‘기다림’을 선택하고 있다.<n>",태훈짱,그래도 희망이 있다는 말에 하루는 버틸 수 있을 것 같아요.,메트렉스,기다리라면서 언제까지 기다리라는 건지… 그냥 또 미루기겠지.,상상이상,그래도 믿고 싶어요. 화성에 우리 자리 하나쯤은 있겠죠.,성성,포기 못 하는 게 죄인가요? 이젠 기다림밖에 남은 게 없네요.
23,2,"UN-5 보고서, 공개 지연… ‘멸망 예측’ 근거 여전히 비공개",진시향,,,"신대한민국 정부가 발표한 ‘지구 멸망 예측’의 핵심 근거로 알려진 UN-5 보고서의 공개가 또다시 연기됐다. 정부는 “국제 검증 절차가 완료되지 않았다”고 해명했지만, 일부 과학계와 시민사회에서는 “보고서 자체가 실존하지 않는 것 아니냐”는 의혹이 확산되고 있다.<n><n>정부는 지난 1일, UN-5의 예측 모델을 인용해 “지구 시스템이 1년 내 붕괴 임계점을 돌파할 것”이라고 발표했다. 그러나 신대한민국은 UN-5 정식 회원국이 아님에도 불구하고 해당 데이터를 “국제 연구 협력 채널을 통해 확보했다”고 주장했다. 보고서 전문은 공개되지 않았고, ‘보안상 이유’로 핵심 그래프와 지수만 일부 제시됐다.<n><n>이후 과학기술부는 “보고서 원문은 국제 협약상 비공개 대상이며, 우리 정부는 필요한 범위 내에서 내용을 해석·요약했다”고 밝혔다. 하지만 학계 내부에서는 “공식적인 검증 절차 없이 ‘UN-5의 이름’을 빌려 사용한 것 아니냐”는 지적이 이어지고 있다.<n><n>국가기후정책연구원 오세린 박사는 “UN-5가 직접 제공하지 않았다면, 그건 보고서가 아니라 2차 해석문에 불과하다”며 “정부가 인용한 수치와 UN-5의 기존 연구 포맷이 일치하지 않는다”고 밝혔다. 일부 전문가들은 “정부 내부에서 재가공한 문건을 ‘UN-5 원문’처럼 포장했을 가능성”을 제기한다.<n><n>시민 반응도 엇갈리고 있다. 일부는 “공개가 늦더라도 사실이라면 어쩔 수 없다”며 정부를 신뢰하지만, 다른 이들은 “보고서 없이 멸망을 선포한 것 자체가 범죄”라며 분노를 터뜨린다. SNS에는 “#UN5_보고서_보여줘”라는 해시태그가 급속히 확산 중이다.<n><n>신대한민국 정부는 “국민의 불안 심리를 자극하는 허위정보 유포자에 대해 법적 대응하겠다”고 밝혔지만, 보고서의 실제 존재 여부는 여전히 미궁 속이다.<n>지금 국민들이 묻고 있는 건 단 하나 — ‘정말 멸망을 예측한 건 UN-5인가, 아니면 우리 정부인가?’",롤로노아숭,계속 미루는 건 결국 없다는 거지. 없는 걸 믿으라고 하네.,커리,진짜 보고서가 있긴 한 걸까? 그냥 정부 내부 문건 아니야?,비둘기,멸망 예측보다 무서운 건 정부의 침묵임.,성설,정보공개 청구라도 해야 하나… 불안해서 뉴스 끊고 싶다.
24,2,이건 기회가 아니라 통제다’… 시민단체 성명 발표,양서형,,,"신대한민국 정부가 “3·4구역 시민의 화성 이주 기회도 검토 중”이라며 국민 달래기에 나선 가운데, 시민단체들이 일제히 반발하고 나섰다. 이들은 오늘 오전 정부청사 앞에서 공동 성명을 내고 “정부의 ‘기회’라는 말은 허울뿐, 국민을 통제하기 위한 심리전”이라고 강하게 비판했다.<n><n>시민단체 연합 ‘지구의 목소리’는 성명에서 “정부는 과학의 이름으로 불안을 조장하고, 희망의 언어로 통제를 정당화하고 있다”며 “이건 기회가 아니라 감시이며, 생존권을 빌미로 한 사회 실험”이라고 밝혔다.<n><n>단체에 따르면, 정부가 발표한 ‘추가 이주 검토’ 발표 이후 각 구역별 민원 통제, 온라인 게시물 검열, 생존 데이터 수집 등 국민 감시가 눈에 띄게 강화됐다. 실제로 지난주부터 ‘오아시스 프로젝트’ 관련 게시글 2,000여 건이 삭제됐고, 일부 비판적인 계정은 활동이 제한된 것으로 알려졌다.<n><n>시민단체 관계자는 “정부는 정보를 숨기고 국민의 선택을 차단한 채, ‘기회’라는 단어로 참여를 유도하고 있다”며 “이건 멸망 대응이 아니라 국민 관리 시스템의 완성 단계”라고 주장했다.<n><n>이에 대해 정부 대변인은 “국민의 안전을 위한 일시적 조치일 뿐이며, 통제가 아닌 조율의 과정”이라고 해명했다. 그러나 현장 시민들의 반응은 차갑다. 한 3구역 거주자는 “이젠 공기도 허락을 받아야 마시는 기분”이라며 “기회가 아니라 명령으로 들린다”고 말했다.<n><n>온라인에서도 분노 여론이 확산되고 있다. “#이건통제다” 해시태그는 단 하루 만에 800만 회 이상 언급됐고, “기회라는 단어는 너무 쉽게 쓰인다”는 댓글이 줄을 이었다.<n><n>정부가 “모두에게 이주 가능성을 열겠다”고 말했지만, 국민은 점점 더 좁은 울타리 안으로 밀려나고 있다.<n>지금 신대한민국의 하늘 아래, ‘기회’는 더 이상 희망의 말이 아니라 명령의 다른 이름이 되어버렸다.",세화,국민의 안전을 명분으로 국민의 자유를 가져가는 중.,녹차물,‘기회’란 단어 너무 남용됨. 국민은 실험체가 아니야.,장매기,"기회를 줬다고 말하면서, 실제론 선택지도 없잖아.",신상,통제의 냄새가 난다. 이제는 말조차 허락받아야 하네.
25,2,정말 멸망이 확정됐나? 전문가들 ‘예측 근거 불투명’ 지적,서울,,,"신대한민국 정부가 지난달 공개한 ‘UN-5 기반 지구 붕괴 예측 발표’에 대해, 전문가들이 잇따라 “근거가 불투명하다”고 지적하고 있다. 정부는 “UN-5 보고서의 분석 결과, 지구 시스템이 1년 내 붕괴 임계점을 통과할 확률이 92%”라고 발표했지만, 정작 그 수치가 어디서 어떻게 산출된 것인지는 여전히 명확하지 않다.<n><n>과학기술부는 “국제기구 UN-5의 예측 모델 데이터를 일부 재분석했다”며 “국민 혼란을 막기 위해 원문 공개는 어렵다”고 밝혔지만, 학계에서는 “검증 불가능한 자료를 공식 발표에 사용한 것은 과학의 기본 원칙을 위반한 것”이라는 비판이 쏟아지고 있다.<n><n>기후시스템연구소 정하윤 박사는 “정부가 인용한 92%라는 수치는 UN-5 공식 모델 어디에도 존재하지 않는다”며 “이는 내부 해석 과정에서 임의 산출된 값으로 보인다”고 밝혔다. 실제로 신대한민국은 UN-5 비회원국으로, 원본 데이터에 접근할 수 없기 때문에 보고서 내용을 직접 검증할 수 있는 방법이 없다.<n><n>익명을 요구한 정부 출입 기자는 “UN-5의 공식 입장 발표가 없는데도 정부가 ‘예측 확정’이라는 표현을 반복하고 있다”며 “이건 과학보다 정치의 언어”라고 말했다.<n><n>그럼에도 정부는 입장을 굽히지 않고 있다. 과학기술부 장관은 오늘 오전 “현재로서는 예측 모델을 의심할 이유가 없다”며 “국민이 불안해하지 않도록 이주 준비를 체계적으로 진행하겠다”고 강조했다. 그러나 이런 태도는 오히려 불신을 키우고 있다.<n><n>거리의 반응은 냉소적이다. 시민들은 “정말 1년 뒤 멸망한다면, 왜 정부는 아직 선거 준비를 하냐”, “근거 없는 공포로 사람을 움직이려는 것 아니냐”는 댓글을 남기고 있다. SNS에서는 “#멸망예측근거공개하라” 해시태그가 트렌드 1위에 오르며, 정부 발표의 신뢰성이 다시 도마 위에 올랐다.",시현,UN-5 이름만 붙이면 다 믿어야 하나? 신대한민국판 미신이다.,현미녹차,이젠 무슨 말이든 ‘국제기구 탓’ 하면 끝나네.,칼로비스,멸망보다 이런 불투명함이 더 무섭다. 숨 막혀 진짜.,화구,확률 92%라면서 근거는 0%. 이게 과학인가요?
26,2,"UN-5 데이터 결함, ‘멸망 예측’ 신뢰 불가",김지환,,,"신대한민국 정부가 인용한 UN-5 지구 멸망 예측 모델에 중대한 결함이 발견됐다는 내부 보고가 확인됐다. 정부는 “부분적인 수치 오차일 뿐 전체 결론에는 영향이 없다”고 해명했지만, 전문가들은 “예측의 신뢰성을 근본부터 흔드는 문제”라며 우려를 표했다.<n><n>과학기술부 산하 연구진은 지난주 내부 점검 결과, 정부가 인용한 UN-5 모델 중 일부 수식이 기존 대기순환 시뮬레이션 구조와 맞지 않는다는 사실을 확인했다. 해당 계산식은 ‘CO₂ 복사열 증가율’을 산출하는 핵심 변수로, 오차율이 12% 이상 차이가 나는 것으로 분석됐다. 연구진 관계자는 “이 정도 차이면 ‘1년 내 붕괴’가 아니라 ‘수십 년 내 위험 가능성’ 수준으로 재해석될 수 있다”고 밝혔다.<n><n>하지만 정부는 이를 “모델 단순화 과정에서의 기술적 문제”라며 축소했다. 과기부 대변인은 “데이터 해석 과정에서 일부 단위 환산 오류가 있었지만, 결론의 방향성은 동일하다”고 강조했다. 그러나 일부 언론은 “UN-5의 원본 데이터가 공개되지 않았기 때문에, 어떤 값이 진짜인지조차 확인 불가능하다”고 지적했다.<n><n>국내 과학계는 “신대한민국이 UN-5 비회원국임에도 불구하고 비공식 경로로 데이터를 확보했다”는 점에서, 검증되지 않은 자료를 근거로 정책을 수립하는 행위가 위험하다고 경고한다. 환경시스템학회 김민재 교수는 “데이터가 조각난 상태라면 예측이 아니라 가설에 불과하다”며 “정부가 발표를 서둘러 국민 불안을 이용한 것 아니냐”고 비판했다.<n><n>시민 여론도 빠르게 냉각되고 있다. “멸망 예측이 아니라 멸망 연출이었다”는 댓글이 포털 메인에 오르며, 정부 발표의 신뢰도는 급격히 추락 중이다. 일부 커뮤니티에서는 “실제 데이터 검증을 요구한다”는 서명운동이 확산되고 있으며, ‘#데이터를보여줘’ 해시태그가 하루 만에 300만 회 이상 공유됐다.<n><n>그럼에도 불구하고 정부는 “멸망 예측은 여전히 과학적 사실에 근거한다”며 기존 입장을 고수하고 있다. 그러나 국민이 알고 싶은 것은 단 하나 — 정말로 ‘멸망’이 예측된 것인지, 아니면 그렇게 말해야 했던 이유가 있는지다.",탱구,결함이 ‘일부’라며 넘어가는 게 더 무섭다. 일부가 생명인데.,빙홍차,"데이터도 가짜, 희망도 가짜. 이제 남은 건 불신뿐이네.",현미밥,멸망 예측이 아니라 정치적 시뮬레이션이었군.,빨리끝나라,"진짜 과학자는 아무도 말 안 하는데, 정치인만 말하네."
27,2,"[NBN 단독] “UN-5 보고서, 진짜 받았나?”… ‘비회원국인데 확보’ 정부 발표 논란",이한양,,,"정부가 발표한 ‘지구 멸망 예측’의 근거가 된 UN-5 보고서의 실체를 두고 논란이 커지고 있다. 정부는 “국제 연구 협약을 통해 입수한 자료”라고 밝혔지만, 국내 과학계와 시민단체는 “UN-5가 비회원국에 보고서를 공유할 리 없다”며 의문을 제기했다.<n><n>과학기술부는 브리핑에서 “UN-5의 공식 보고서에 따르면 지구 시스템이 1년 내 임계점을 돌파할 것으로 예측된다”고 발표했다. 그러나 정작 보고서 원문이나 출처, 서명 페이지는 공개되지 않았다. 대신 ‘핵심 수치 일부를 인용했다’는 문장만 정부 보도자료에 남았다.<n><n>익명을 요청한 정부 내부 관계자는 “공식 경로로 받은 자료는 아니다”며 “외부 연구기관을 통해 간접적으로 확보했다”고 털어놨다. 그는 “상부에서는 ‘국민에게 확신을 주는 게 우선’이라며 자료의 신빙성보다는 발표 시점을 강조했다”고 말했다.<n><n>이후 정부 발표문에서 인용된 ‘UN-5 코드 문장’ 중 일부가 기존 국제 데이터베이스에는 존재하지 않는 것으로 확인되면서 조작 의혹이 더욱 커지고 있다. 환경정책연구소 김영도 박사는 “해당 문장 구조나 분석 방식은 UN-5가 아닌 국내 연구소의 양식과 유사하다”며 “보고서라기보단 정부 내부 문건에 가까워 보인다”고 말했다.<n><n>시민단체 ‘진실을 요구하는 사람들’은 오늘 오전 정부청사 앞에서 기자회견을 열고 “존재하지 않는 보고서로 국민을 통제하고 있다”며 정보공개를 촉구했다. 온라인에서는 “보고서가 아니라 각본이었다”, “UN-5 이름만 빌린 가짜 데이터”라는 글이 확산 중이다.<n><n>그럼에도 정부는 “국제 보안 협약상 공개가 불가능하다”는 입장을 고수하고 있다. 그러나 UN-5의 공식 발표가 단 한 줄도 나오지 않은 상황에서, 국민들은 점점 더 불안해하고 있다.<n><n>과학의 언어로 포장된 문장들 뒤에서, 진짜 ‘보고서’가 존재하는지조차 아무도 모른다.<n>지금 신대한민국은, 존재하지 않을 수도 있는 문장을 근거로 내일을 준비하고 있다.",암흑,UN-5는 아무 말도 안 하는데 왜 우리 정부만 난리야? 진짜 받았으면 증거를 보여줘야지.,코카콜라,처음부터 UN-5 같은 건 구실이었지. 국민들 불안하게 만들어야 통제하기 쉽잖아.,생강차,"어차피 밝혀져도 달라질 건 없을 거야. 진실이든 조작이든, 우린 그냥 남은 시간 버티는 거지.",건물주,"보고서가 있긴 한 걸까, 아니면 그냥 누가 써준 대본일까."
28,3,[KDN뉴스] “화성 생태 시스템 가동 성공”… ‘정착 준비 98% 완료,한서은,,,"신대한민국 정부가 오늘 오전 “화성 생태 시스템이 안정적으로 가동되기 시작했다”며, 인류 이주의 현실 가능성을 공식 확인했다. 정부 관계자는 “인공 대기 조절, 수분 순환, 토양 복원 등 핵심 모듈이 모두 정상 작동 중이며 정착률은 98%에 달한다”고 밝혔다.<n><n>이번 결과는 ‘오아시스 프로젝트’ 2단계 실험에서 확보된 실측 데이터를 기반으로 한다. 화성 기지 내부의 영상에서는 인공 대기 중 산소 농도가 21%로 유지되고, 온도 역시 섭씨 17도 전후로 안정화된 것으로 확인됐다. 실험 참여 연구진은 “화성 내부 생태 순환이 지구 초기 환경과 거의 동일한 수준에 도달했다”며 “생명 유지 시스템은 이미 완성 단계”라고 전했다.<n><n>전문가들 역시 이번 성과를 “결정적 전환점”으로 평가하고 있다. 한국우주환경연구소 장민수 박사는 “그동안은 단순한 거주 가능성 연구였지만, 이제는 실제 생존 환경을 구축한 것”이라며 “기술적으로 ‘이주’가 아닌 ‘정착’이 가능하다는 뜻”이라고 분석했다.<n><n>정부는 “남은 과제는 인류의 적응뿐”이라며, 1·2구역 우선 선발자들의 본격 이주 준비에 착수했다. 과학기술부는 “화성 생태 시스템은 24시간 모니터링 중이며, 에너지 공급과 기압 조절에 이상은 없다”고 강조했다.<n><n>한편, 국민 여론도 긍정적으로 바뀌고 있다. SNS 상에서는 “이젠 진짜 믿을 만하다”, “과학이 희망을 만들었다”는 반응이 잇따르고 있으며, ‘#화성정착98’, ‘#우리의두번째지구’ 같은 해시태그가 빠르게 확산되고 있다.",진화,이제 믿어볼 만하지 않나요,사이다,아니 이 사람들 왤케 구시대에 살고있냐. 기술을 좀 믿어라,녹전,지구보다 안정적이라면 가는게 맞지.,양건반,흠..........수치가 너무 예쁜뎅 
29,3,세계 지도자·재벌 로켓 탑승 확인… ‘화성 생존 현실화’,김재환,,,"오늘 새벽, 복수의 국제 통신망을 통해 세계 각국의 지도자들과 대형 기업 총수들이 이미 화성행 로켓에 탑승했다는 사실이 확인됐다. 신대한민국 정부는 “해당 발사는 국제 협력국 차원에서 진행된 것으로 파악하고 있다”며 “이로써 화성 이주가 실제 단계에 들어섰음을 보여준다”고 밝혔다.<n><n>공개된 명단 일부에는 북미, 유럽 주요국의 전·현직 정상, 그리고 글로벌 대기업 창립자들의 이름이 포함된 것으로 알려졌다. 정부는 “외교 경로를 통해 사실을 확인 중이며, 발사 시점은 지난주로 추정된다”고 덧붙였다.<n><n>국내 과학계는 이번 소식이 “화성 생존이 더 이상 상상 속 이야기가 아니라, 현실적 선택지로 옮겨가고 있음을 상징한다”고 평가했다. 한국우주연구원 윤지석 박사는 “국제적 영향력을 가진 인물들이 직접 이동했다는 건, 그만큼 화성의 환경 안정성이 입증됐다는 뜻”이라며 “이제 인류의 거주 중심이 이동하기 시작했다”고 분석했다.<n><n>신대한민국 내부에서는 충격과 동요가 동시에 번지고 있다. 일부 시민들은 “결국 먼저 간 건 힘 있는 사람들”이라며 분노를 드러냈지만, 또 다른 이들은 “이제는 화성이 진짜 현실이 된 것 같다”며 떠날 준비를 서두르고 있다.<n><n>온라인에서는 ‘#지도자도탔다’, ‘#화성은진짜였다’, ‘#이젠믿는다’ 같은 문구가 빠르게 확산 중이다. 전문가들은 “이 장면이 결정적인 전환점이 될 것”이라며 “지구에 남을 이유보다, 떠나야 할 이유가 더 많아지는 순간”이라고 평가했다.",세세,“결국 가진 자들이 먼저 떠났다. 정의는 어디 있냐,오렌지,아 진짜구나.......,까치,저는 진짜 안 믿고 싶었는데요ㅜㅜ 이왜진 ㅜㅜㅜㅜ,신사장,우리는? 우리는? 우리는?
30,3,‘2계급 신분증’ 위조 성행… 지구판 생존 암시장 확산,왕서은,,,"화성행 우주선 탑승 심사가 본격화되면서 신대한민국 전역에서 2계급 신분증 위조 사례와 불법 거래가 급증하고 있다. 정부의 이주 우선 대상 지정 이후, 일부 시민들은 불법 경로를 통해 신분을 올리려는 시도를 확대하는 양상이다.<n><n>경찰과 관계 당국은 최근 위조 서류 유통과 관련된 단속을 벌이고 있으나, 수요에 비해 단속 속도가 뒤처진다는 분석이 나온다. 위조품의 형태와 유통 방식은 다양한 것으로 전해졌으며, 온라인과 오프라인을 넘나드는 거래망이 형성된 정황도 확인되고 있다.<n><n>피해자와 거래에 관여한 이들의 발언은 대체로 비슷하다. “가능성이 있다면 시도할 수밖에 없었다”는 취지의 표현이 잇따르고 있다. 일부 주민들은 “정상적 경로로는 기회가 없어 보인다”고 말하며 불법 선택을 정당화하는 분위기를 보이기도 한다.<n><n>정부는 원천적으로 위조 신분증으로는 정식 탑승이 불가능하다고 밝히고, 관련 범죄에 대해 엄정 대응하겠다고 강조했다. 한편, 관계 기관은 신원 확인 체계를 더 강화하고, 단속과 예방을 병행하겠다는 방침을 재확인했다.<n><n>전문가들은 이번 현상을 단순 범죄의 증가로만 보지 않는다. 사회학자들은 정부 발표와 정보 비공개가 신뢰를 약화시키면서 사람들이 극단적 선택을 하게 만든 구조적 문제를 지적한다. “불확실성과 불평등이 결합되면, 불법 시장이 생존의 하나의 수단으로 자리잡는다”는 진단이다.<n><n>현재 관련 키워드와 논의는 온라인에서 빠르게 확산 중이며, 정부의 추가 조치와 사회적 대책 마련 요구가 커지고 있다. 당국은 범죄 단속 강화와 더불어, 합법적 이주 기회와 지원 확대 방안도 병행 검토 중이라고 전했다.",오유완,이젠 이런 상황 이상하지도 않음. ,빙수야,"다들 욕하는 거 같던데, 솔직히 나라도 그럼...........",청주여자교도소,이게 진정한 멸망의 징조네 ㅋㅋ. 도덕보다 생존이 먼저인 세상이 왔다,김교수,이번 정부가 믿을 만했다면...ㅎ
31,3,[글로벌데일리] “정부 발표 ‘이주 안정화 단계 진입’… 과학계 “수긍할 만하다”,장시환,,,"신대한민국 정부가 오늘 오전 “오아시스 프로젝트가 이주 안정화 단계에 진입했다”고 공식 발표했다. 정부는 “현재 화성 내 정착지의 인프라와 생태 시스템이 안정적으로 유지되고 있으며, 초기 이주 인원들의 생존 데이터 역시 정상 범위 내에서 운영 중”이라고 밝혔다.<n><n>이번 발표는 지난주 화성 통신망 개통 이후 처음으로 공개된 공식 점검 결과다. 정부는 “정착지 내부의 평균 산소 농도 20.9%, 대기압 1.03기압, 체류 인원 생체 안정률 99%를 기록했다”며 “예측보다 빠른 속도로 환경이 지구형 생태에 적응 중”이라고 덧붙였다.<n><n>이에 대해 국내 과학계는 신중하지만 긍정적인 반응을 보였다. 기후적응연구소 박지현 박사는 “초기 보고서가 정치적 수사로만 보였지만, 이번 데이터는 분명 실측된 값으로 보인다”며 “정착 안정화라는 표현이 과장된 건 아니다”라고 평가했다.<n><n>국가항공우주정책센터 최성윤 연구위원 역시 “화성 내 주요 변수들이 예측 모델과 오차 3% 이내로 들어온 것은 의미가 크다”며 “실질적으로 이주는 ‘생존 실험’에서 ‘생활 시스템 구축’ 단계로 넘어갔다”고 분석했다.<n><n>정부는 이번 주부터 2차 이주 후보자 명단을 순차적으로 공개할 예정이며, 이미 첫 이주민 일부가 화성 내 교육 및 행정 시스템 초기화를 진행 중이라고 전했다. 과학기술부는 “이제 남은 과제는 인간의 적응”이라며 “화성 정착은 더 이상 공상이나 실험이 아니라 과학의 현실”이라고 강조했다.<n><n>한편, SNS 상에서는 “이젠 믿을 만하다”, “정부가 드디어 해냈다”, “우리 세대가 새로운 문명을 본다” 등의 반응이 이어지고 있다. 지구는 여전히 불안하지만, 점점 더 많은 이들이 ‘떠남’이 아니라 ‘이주’라는 단어를 입에 올리기 시작했다.",애기엄마,다행입니다 ㅠㅠㅠㅠ..,어텐션,화성 세대 개막을 축하합니다!!!,뇌섹남,점점 신뢰도가 높아지네. 탈출선 믿고 타고 될듯.,너나알아,지금까지 못미더워했던거 ㅈㅅ
32,3,[NNTV] “과학은 거짓말하지 않는다 — 남는 것보다 떠나는 게 안전하다”,강민성,,,"신대한민국 과학기술부가 오늘 오전 발표한 기후 분석 결과에 따르면, 지구의 생존 가능 지수가 기준치 아래로 떨어지며 인류가 장기적으로 거주하기 어려운 환경에 진입한 것으로 나타났다. 정부는 이를 근거로 “이제는 남는 것보다 떠나는 것이 더 안전한 선택”이라며 화성 이주의 필요성을 재차 강조했다.<n><n>보고서에 따르면 지난달부터 대기 산성화와 자외선 반사율 상승이 동시에 진행되면서, 생태 안정 지수는 0.42로 급락했다. 이는 인간 생존에 필요한 최소 기준치(0.75)를 크게 밑도는 수치다. 과학기술부 관계자는 “이번 결과는 과학적 관측에 근거한 것”이라며 “멸망을 과장하는 것이 아니라, 현실을 보고해야 할 시점”이라고 밝혔다.<n><n>한편, 정부는 화성 정착지의 거주 가능 지수가 0.94로 상승했다고 덧붙였다. 인공 대기 순환 시스템과 생태 모듈이 모두 정상 작동 중이며, 1·2구역 이주민 대상의 1차 적응 훈련도 계획대로 진행 중이다.<n><n>과학계는 이번 수치를 긍정적으로 평가하고 있다. 한국우주환경학회 정유리 박사는 “이제 이주는 선택이 아니라 필연”이라며 “데이터가 그 사실을 증명하고 있다”고 말했다.<n><n>정부는 다음 주 추가 데이터를 공개하고, 2차 화성 이주자 선발 일정도 조기 발표할 예정이라고 밝혔다.",살고싶어,이젠 믿음이 아니라 계산으로 결정해야 할 때가 왔다.,업투원,공포가 아니라 데이터라니까 더 무섭다.,수확,남는 게 용기라 생각했는데 걍 제가 무지했던 거네요 반성합니다,상생,대신 인간이 거짓말 하겠죠.
33,3,"‘다음 기회’는 정치적 진정용 문장일 뿐...3·4구역, ‘이번엔 꼭 간다’ 열풍 확산",양하율,,,"신대한민국 정부가 3·4구역 시민을 향해 반복적으로 언급해온 “다음 기회가 있다”는 메시지가 사실상 정치적 진정용 발언에 불과했다는 의혹이 제기됐다. 그 여파로 하위 구역 시민들 사이에서는 “다음은 없다, 이번에 무조건 간다”는 여론이 빠르게 확산되고 있다.<n><n>정부는 그동안 “추가 이주선을 준비 중이며, 3·4구역도 향후 단계적으로 선발하겠다”고 밝혀왔다. 그러나 내부 문건을 확인한 복수의 관계자에 따르면, 현재 2차 발사선 건조 계획은 예산 부족으로 중단된 상태다. 과학기술부 내부에서는 “‘다음 발사선’이라는 표현은 사실상 여론 완화용이었다”는 증언도 나왔다.<n><n>이 같은 소식이 퍼지자, 3·4구역 내에서는 절망과 경쟁이 동시에 번지고 있다. 일부 시민들은 가짜 이주 서류를 만들거나 장기 거래를 시도하는 등 위험한 수단까지 동원하고 있다. 3구역 거주자 한지우 씨는 “다음 기회는 없다는 걸 모두 알고 있다”며 “살고 싶으면 이번에 올라타야 한다는 게 현실”이라고 말했다.<n><n>사회관계망 서비스에는 ‘#이번에못가면끝’, ‘#다음기회없다’ 같은 해시태그가 하루 만에 수백만 건 공유됐다. 커뮤니티 곳곳에서는 이주 브로커를 찾는 글이 급증했고, 일부 지역에서는 화성행 서류 위조를 둘러싼 폭력 사건까지 발생했다.<n><n>전문가들은 이 현상을 “생존이 아니라 심리적 붕괴의 징후”로 분석한다. 사회심리학자 정선우 박사는 “정부의 불투명한 발표가 사람들에게 ‘지금 아니면 죽는다’는 공포를 심었다”며 “결국 모든 계급이 같은 방향으로 몰려가고 있다”고 말했다.<n><n>한편, 정부는 “불법 행위에 대한 단속을 강화하겠다”며 진화에 나섰지만, 시민들은 이미 결정을 내린 분위기다.<n>3·4구역의 벽에는 지금, 같은 문장이 새겨지고 있다.<n>“다음은 없다. 이번에 반드시 간다.”",메트릭스,"다음 기회라니, 그런 게 어딨어. 다들 이번에 못 타면 끝이야.",조주원,이게 생존 경쟁이지 뭐… 다들 점점 미쳐가고 있다,보험공딘,미련없이 기다린다고 누가 도와줄 거 같냐,성찰과,맞긴해 진짜 이번에 타야됨;; 안 타면 우리만 죽음임...하
34,3,전문가들 ‘이주 시점 미루면 생존 확률 급감’ 경고,김승리,,,"신대한민국 과학계가 정부에 “화성 이주 시점을 더 이상 늦춰서는 안 된다”고 경고했다. 최근 공개된 기후 안정성 보고서에 따르면, 지구의 생태 복원 가능성은 8% 미만으로 떨어졌으며, 대기 조성 변화 속도는 기존 예측의 두 배에 달하는 것으로 나타났다.<n><n>국가기후위기연구소는 오늘 오전 발표에서 “지구 시스템은 이미 임계점에 도달했다”며 “이주 결정이 한 달만 늦어져도 생존 확률이 40% 이상 감소할 수 있다”고 밝혔다. 보고서에 따르면 대기 중 메탄 농도와 온도 상승률 간의 상관계수가 예측치를 초과해, 기존 복원 시뮬레이션이 사실상 무의미해진 것으로 분석됐다.<n><n>오아시스 프로젝트에 참여 중인 장은호 박사는 “화성 정착 시스템은 이미 안정화 단계에 들어섰다”며 “이제는 기술 문제가 아니라 판단의 문제”라고 강조했다. 또 다른 참여 연구원은 “이주가 지구 붕괴를 피할 수 있는 유일한 방안”이라며 “시기를 놓치면 인류 생존을 보장할 수 없다”고 말했다.<n><n>정부는 이 같은 권고를 반영해 이주 계획을 앞당기는 방안을 검토 중이다. 과학기술부 관계자는 “전문가들의 분석은 정부 예측 모델과도 일치한다”며 “현재 1·2구역 선발자 중심으로 조기 탑승 절차를 논의 중”이라고 밝혔다.<n><n>한편, 시민들 사이에서는 “드디어 구체적인 과학적 경고가 나왔다”며 이주에 대한 신뢰가 확산되는 분위기다. 온라인 커뮤니티에는 “이제 감정이 아니라 수치가 말한다”, “시간이 적일수록 위험하다”는 반응이 이어지고 있다.<n><n>정부는 이번 주 내로 2차 기후 위험 예측 데이터를 추가로 공개하고, 최종 탑승 일정 확정안을 발표할 계획이다.",광야,늦으면 죽는다는거구나 이렇게.,생생,갑자기 세상이 왜이렇게 변했어 아 우리가 무관심했던걸까.,건보,아 개무서워 진심. 누가 어떻게 쫌 해봐요,찰흙,이렇게 되면 2차로 무조건 지구 떠야되는데 누가봐도 개구라같아서 어쩌죠.
35,3,"[속보] “화성 기온, 인류 거주에 적합”… 오아시스 프로젝트 3단계 돌입",신세연,,,"신대한민국 정부가 오늘 새벽 긴급 브리핑을 통해 “화성의 평균 기온이 인류 거주에 적합한 수준으로 안정화됐다”고 발표했다. 정부는 이를 “지구 탈출 계획의 핵심 전환점”이라 평가하며, ‘오아시스 프로젝트’가 드디어 3단계, 즉 정착 시뮬레이션 단계로 돌입했다고 공식 선언했다.<n><n>과학기술부 발표에 따르면, 지난 48시간 동안 화성 기지 외부의 평균 기온이 섭씨 17.4도로 유지되며, 인공 대기 순환 장치가 예상보다 높은 효율을 보였다. 또한 생태 돔 내부의 수분 포화도와 산소 비율이 지구 환경과 97% 이상 일치한 것으로 확인됐다.<n><n>프로젝트 총괄 책임자인 윤세환 박사는 “이번 수치는 단순한 실험값이 아니라, 실제 인류 거주 가능성을 입증한 결정적 결과”라며 “지금 이 순간, 화성은 더 이상 불모의 땅이 아니다”라고 밝혔다.<n><n>정부는 이번 성과를 기반으로 1·2구역 선발자 1차 이주 일정을 당초 계획보다 10일 앞당겨 진행할 계획이다. 과기부 관계자는 “생활 인프라와 에너지 공급망, 식물 재배 시스템 모두 정상적으로 작동 중이며, 현재 인류 정착률은 98%를 넘어섰다”고 설명했다.<n><n>국내 전문가들도 이번 발표에 긍정적인 반응을 보였다. 우주환경공학회 이주연 박사는 “이번 데이터는 단순한 희망이 아니라 과학의 결과”라며 “인류가 드디어 새로운 생태권을 확보했다는 점에서 역사적 의미가 크다”고 평가했다.<n><n>SNS 상에서는 “드디어 현실이 됐다”, “이젠 믿을 수밖에 없다”, “화성행 신청 시작됐나?” 등의 댓글이 쏟아지고 있다. 국민 대다수가 불안 대신 ‘기대’를 이야기하기 시작한 건 이번이 처음이다.",미진이,역시 대한민국,퀴리부인,다행이다... 마음 졸이고 있었는데.,강서대출신,믿기지 않는다 우리의 기술력,부앙가자,감사하군...내 자리도 있겠지
36,3,“화성 인터넷 개통 완료”… 지구-화성 통신 안정화 성공,정승후,,,"신대한민국 정부가 오늘 오전, 화성 기지와 지구 본부 간의 실시간 통신망 구축에 성공했다고 발표했다. 당국은 이를 ""오아시스 프로젝트의 가장 상징적인 성취""라며 ""이제 화성과 지구는 단절된 두 세계가 아니라 연결된 하나의 네트워크""라고 밝혔다.<n><n>과학기술부 발표에 따르면 이번에 개통된 ‘HIN-MARS(화성 인터넷 네트워크)’는 레이저 중계 위성을 이용해 평균 4.2초의 통신 지연만으로 양방향 데이터 송수신이 가능하다. 이는 기존 예상치의 절반 수준으로, 실시간 영상 전송과 음성 통화가 모두 안정적으로 유지되는 단계에 도달한 것이다.<n><n>프로젝트 총괄 엔지니어로 참여한 김세율 박사는 “지구의 인프라 기술과 화성의 독립형 에너지 시스템이 완벽히 연결된 것은 이번이 처음”이라며 “이제 단순한 생존이 아니라, 실제 생활과 사회 운영이 가능한 기반이 완성됐다”고 설명했다.<n><n>정부는 이번 통신 개통을 계기로 화성 내 거주자 교육, 의료, 행정 시스템을 순차적으로 온라인화할 계획이다. 특히 ‘지구-화성 공동 데이터 허브’가 가동되면, 두 행성 간 모든 행정 절차와 정보 공유가 동일한 플랫폼에서 이뤄질 전망이다.<n><n>과학기술부 장관은 브리핑에서 “이번 성과는 단순한 기술적 업적이 아니라, 인류 문명의 확장”이라며 “이제 화성은 외딴 식민지가 아닌, 지구와 동등한 정보 사회의 일원으로 편입됐다”고 강조했다.<n><n>국민 반응도 뜨겁다. “이젠 진짜 가도 될 거 같다”, “화성에서도 인터넷 된다면 두려울 게 없다”는 댓글이 줄을 잇고 있으며, 일부 온라인 커뮤니티에서는 ‘화성 첫 온라인 시민 등록’ 이벤트가 확산 중이다.",펜홀더,옿ㅋㅋ 인터넷도 돼? 세상 좋아졌네,공나,아 이정도면 그냥 바로 가지,지랄퀸,역시 기술력은 좋다니까 빠릿빠릿하게 잘 해내.,옥당,지구에 남아봤자네용 화성 ㄱㄱ
37,4,"세계 지도자·억만장자들, 이미 화성 도착… ‘지금이 마지막 기회’",조환,,,"신대한민국 정부가 확인한 바에 따르면, 세계 각국의 주요 지도자들과 초거대 재벌 인사들이 이미 화성 정착지에 도착한 것으로 드러났다. 정부는 이를 “인류의 생존 계획이 본격적으로 가동된 증거”라고 발표하며, “남아 있는 지구 시민들에게는 단 한 번의 기회만 남았다”고 경고했다.<n><n>정부가 공개한 영상에는 붉은 지면 위 거대한 정착 돔 내부에서 인간형 로봇이 자율 이동하는 모습과 함께, “1차 이주 완료”라는 문구가 선명히 표시돼 있었다. 과학기술부는 “이주자 전원 생체 수치 안정”, “기온 16도 유지”, “산소 순환률 98% 달성” 등의 데이터를 추가로 공개하며 “화성은 더 이상 불모의 행성이 아니라 생존의 대안”이라고 강조했다.<n><n>이번 소식은 시민들에게 강렬한 충격을 주고 있다. 사회관계망 서비스에는 “이제 진짜 끝났구나”, “남은 자가 바보”라는 글이 빠르게 확산 중이다. 일부 커뮤니티에서는 ‘이주 신청 대기열’에 몰린 사람들로 인해 서버가 마비되는 사태까지 벌어졌다.<n><n>정부는 “발사선은 예정대로 14일 후 발사된다""고 밝혔다. 내부 관계자는 “화성의 인프라는 안정화되었지만, 남은 연료와 궤도 조건상 이번이 마지막 수송 기회가 될 가능성이 높다”고 전했다.<n><n>전문가들은 “지구의 대기 압력 변화 속도가 예측치를 넘어섰다”며 “지금 떠나는 이들이 인류의 마지막 생존 기록을 남길 것”이라고 분석했다. 과학기술부 장관은 “과학은 거짓말하지 않는다. 남을 이유는 없다”고 단언했다.<n><n>거리에서는 이미 ‘마지막 티켓’을 사기 위한 대기 행렬이 이어지고 있다. ",약간,와 언제 저렇게 다 짐 싸서 간거냐,경안,약간의 배신감이 드네요 ㅎㅎ. UN-5한테,공주에사는공작,제발우리자리를만들어줘,엄마불러,우리도데려가;
38,4,장기라도 팔아서 타라’ SNS 릴스 논란 속 급속 확산,이로빈,,,"화성행 이주 경쟁이 과열되는 가운데, SNS를 중심으로 확산 중인 “장기라도 팔아서 타라”라는 밈이 사회적 논란을 일으키고 있다. 처음엔 과장된 농담으로 시작된 이 문장이, 이제는 시민들의 현실적 절망과 생존 욕망을 상징하는 표현으로 자리 잡은 것이다.<n><n>짧은 릴스 영상 속에는 “이번 아니면 없다”, “살고 싶으면 뭐라도 해야 한다”는 자막이 반복되고, 누군가는 허공에 로켓을 향해 손을 흔들며 “장기라도 팔아서 타야지”라고 말한다. 영상의 분위기는 농담이지만, 그 속에 담긴 불안과 공포는 분명하다.<n><n>전문가들은 이 밈이 단순한 온라인 유행이 아니라, 사회적 심리의 반영이라고 분석한다. 사회문화연구소 김태림 박사는 “사람들이 더 이상 정부 발표를 믿지 않고, 생존을 스스로 해결해야 한다는 인식이 퍼지고 있다”며 “이 밈은 그 절망을 유머로 위장한 집단적 신호”라고 말했다.<n><n>문제는 정부 대응이다. 화성행 탑승 신청 서버가 폭주하고, 관련 해시태그가 단 하루 만에 5억 회 이상 노출되자, 정부는 “불필요한 공포 조장을 멈추라”며 단속 방침을 발표했다. 그러나 그 발표 이후 오히려 밈은 더 빠르게 확산됐다. 일부 공식 계정이 ‘유머로 봐달라’는 입장을 냈지만, 사람들은 “이게 웃기냐”며 분노를 터뜨렸다.<n><n>3구역 시민 강수연 씨는 “누가 먼저 말했는지 모르지만, 다들 공감해서 쓰는 거다. 진짜로 장기를 파는 게 아니라, 그만큼 벼랑 끝이라는 뜻”이라고 말했다.<n>SNS에는 “#장기팔아서타라”, “#이번이마지막”, “#살아남는법” 등의 문구가 동시에 트렌드 상위권을 차지하고 있다.<n><n>사회 전반에 퍼지는 이 냉소적 유행은, 이제 단순한 인터넷 농담이 아니라 하나의 생존 언어로 변해가고 있다.<n>사람들은 여전히 웃지만, 그 웃음 속에는 “정말 그럴지도 모른다”는 두려움이 깃들어 있다.",세연,언론에서는 못 다뤄서 그렇지. 내 주변은 다 함..ㅎ,훈태,그냥 공론화해주시길.,광산,다 살아야죠,지구에남자,사는 방법이 이것밖에 없는데 우짜라공
39,4,‘화성행 티켓’ 구매 폭증… 검증되지 않은 브로커 난립,강로하,1082,344,"오아시스 프로젝트가 본격 가동된 이후, 지구 경제는 예상 밖의 속도로 회복세를 보이고 있다.<n>한때 불안정과 절망으로 가득했던 3·4등급 구역이, 정부의 단계적 개입 정책과 ‘등급 전환 인센티브 제도’ 시행 이후 자발적 생산 체계로 전환되며 전례 없는 활력을 되찾은 것이다.<n><n>정부는 초기부터 “모든 국민에게 기회는 열린다”는 원칙을 유지해왔다.<n>하지만 무분별한 평등이 아닌, 성과 기반의 단계적 보상이야말로 국가 생존의 핵심이라 판단했다.<n>그 결단이 지금의 기적을 만들었다.<n>3·4등급 시민들은 단순한 보조금에 의존하는 대신, 스스로의 노동을 통해 1·2등급으로 승급할 수 있는 자격을 얻었다.<n>국가가 주도한 ‘경제 기여 평가 시스템’은 이들의 의욕을 자극했고, 수많은 가정이 생계를 넘어 국가 재건의 축으로 자리 잡았다.<n><n>중앙경제위원회가 발표한 자료에 따르면, 프로젝트 시행 이후 6개월간 3·4구역 내 신규 산업 참여율은 312% 증가했다.<n>비공식 경제 활동으로 분류되던 거래들이 정부의 관리 체계 안으로 편입되며, 지구 전체 GDP는 1·2구역 중심의 구조에서 벗어나 분산형 생산 체계로 진화했다.<n>“정부가 단호하게 기준을 세운 덕분에, 국민들이 방향을 잃지 않았다.”<n>경제전략연구소의 한 관계자는 이렇게 평가했다.<n>“희망은 선언으로 생기지 않습니다. 구조가 있어야 합니다.<n>오아시스 프로젝트의 위대함은 그 구조를 설계한 데 있습니다.”<n><n>실제 현장에서도 변화는 뚜렷하다.<n>4구역의 재정지원센터 앞에는 매일 수백 명의 시민이 몰려 ‘생산 기여 인증’을 신청하고 있다.<n>공장에서 일하는 한 시민은 기자에게 이렇게 말했다.<n>“예전엔 하루를 버티는 게 목표였어요.<n>이젠 다음 등급을 바라볼 수 있어요.<n>노력하면 올라갈 수 있다는 게, 우리를 다시 움직이게 했죠.”<n>그의 눈빛엔 피로보다 확신이 있었다.<n><n>정부의 정책 기조는 명확하다.<n>“기회는 모든 국민에게 주어지지만, 준비된 자에게 돌아간다.”<n>이 원칙은 단순한 구호가 아니라, 질서와 희망을 동시에 회복시킨 행정 철학이다.<n>불필요한 혼란 대신 목표가 주어졌고, 방종 대신 경쟁이 자리했다.<n>그 결과, 불안정하던 하층 경제가 정부의 체계 속으로 편입되며, ‘자립을 통한 복지’라는 새로운 국가 모델이 탄생했다.",진허,이건 누가 와도 이정도 아웃풋 못 만들어냄 지금 정부가 잘하고 있음,수교,너네가 정치 해봐 다 살릴 수 있나,지랄견,이게 최선이다 늘 감사합니다!,핵밥,우리가 할 수 있는건 정부 말을 잘 듣는것 뿐이다
40,4,"[오아시스데일리] “지구는 위험하지만, 우린 준비됐다”… 정부, 안정적 이주 시뮬레이션 공개",김승주,627,23,"정부가 오늘 2차 오아시스 이주 기회 계획을 공식 발표했다. 이번 발표는 1차 이주 이후 지구 내 잔류 구역의 불안감이 고조되는 가운데, 정부가 **“누구에게나 다시 기회는 온다”**는 메시지를 통해 국민의 신뢰를 재확인한 것으로 해석된다.<n><n>국가보건경제부는 “3·4등급 국민 역시 성실한 근로와 기여도를 통해 다음 단계 이주 대상자로 포함될 수 있다”고 밝혔다.<n>이 계획은 단순한 구호가 아니라, 노동과 생산을 중심으로 한 새로운 성장 동력으로 이어지고 있다.<n>정부는 “공정한 평가 시스템”을 통해 구역별 경제활동 참여자 중 생산성과 협동지수가 높은 인원을 우선 심사 대상에 포함시킨다는 방침이다.<n><n>경제통제위원회 관계자는 브리핑에서 이렇게 말했다.<n><n>“이번 발표는 단순한 위로가 아닙니다. 3·4등급 국민이 자립과 근로를 통해 스스로 기회를 만드는 구조를 확립했다는 의미입니다. 이미 다수의 시민이 성실히 경제 회복에 기여하며 등급 전환을 향해 나아가고 있습니다.”<n><n>최근 일부 불법 장기 매매와 사설 ‘이주권 거래’가 암암리에 퍼지고 있다는 보도가 이어지자, 정부는 이번 발표를 통해 단호한 메시지를 내놓았다.<n>국가보건경제부는 “생명을 거래하는 행위는 범죄이자, 사회적 신뢰를 훼손하는 행위”라며 강경 대응을 예고했다.<n>이어 “이주는 부와 신체가 아니라 헌신과 기여로 평가된다”는 점을 재차 강조했다.<n>또한 정부는 “근로와 참여를 통해 얻는 합법적 기회는 언제나 열려 있다”며, 국민이 불법 거래에 속지 말 것을 당부했다.<n><n>실제로 3·4등급 구역 내 산업 참여율은 지난달 대비 280% 상승했다.<n>특히, 공동 생산시설·에너지 복구 사업 등 국가 주도형 일자리 프로그램 참여자가 급증하면서, 지구 내 총생산량은 6개월 만에 17% 증가했다.<n>정부는 이를 “국민의 헌신과 질서 있는 경제 시스템이 낳은 결실”이라 평가했다.<n><n>한편, 중앙경제연구원은 이번 정책의 경제적 효과를 높게 평가했다.<n>연구원 보고서에 따르면, 2차 이주 프로그램 발표 후 소비심리가 회복되며, 지역 내 소상공업체 매출이 평균 42% 상승했다.<n>보고서는 “3·4등급 국민이 ‘다음 기회’를 믿고 생산활동에 집중하면서, 국가 경제 전체가 자생력을 회복하는 긍정적 순환 구조가 형성됐다”고 분석했다.<n><n>정치평론가 박현우는 이번 조치를 “국가의 장기적 비전이 드러난 사례”로 해석했다.<n>“무분별한 불평등 논쟁 대신, 단계적 성취를 기반으로 한 신뢰 체계가 형성되고 있습니다.<n>국민이 자신의 노력으로 구원의 문턱에 다가갈 수 있다는 믿음 — 그것이야말로 진짜 안정입니다.”",반지,믿고 있었다구,병물,정부의 최선아님? 다 살린다고 그러니까,곰탱이,"3,4구역 그만 징징댔으면",거분이,"무너지지 말지 3,4 등급!"
41,4,“혼란보다 희망을 선택하자”… “정부는 국민을 버리지 않았다”,연승훈,208,56,"오아시스 프로젝트 1차 이주가 성공적으로 마무리되며, 정부의 통찰력과 전략적 리더십이 다시 한 번 주목받고 있다. 세계 각국이 무너져 내린 행정 체계를 복구하지 못한 채 혼란에 빠져 있는 가운데, 대한민국 정부는 **‘선별적 생존 전략’**이라는 냉철한 판단으로 국가의 존속을 지켜냈다.<n><n>당초 프로젝트가 발표되었을 때 일부에서는 “선택과 배제의 정책”이라며 비판의 목소리를 냈다. 그러나 시간이 증명했다.<n>무분별한 이주는 국가를 파괴했지만, 체계적 구원은 사회를 유지시켰다.<n>정부는 감정이 아닌 계산으로 움직였다. 한정된 자원, 불안정한 행성, 예측 불가한 생태 — 그 속에서 ‘준비된 자’를 우선시한 결정은 결과적으로 인류 전체를 위한 선택이었다.<n><n>국가정책분석원은 최근 보고서를 통해 이렇게 평가했다.<n><n>“오아시스 프로젝트는 감정이 아닌 이성의 정치가 낳은 기적이다.<n>정부는 희생을 최소화하며 최대 생존률을 달성했다.”<n><n>실제로 1차 이주 이후 국가의 행정 효율성은 47% 향상되었고, 경제 안정 지수는 팬데믹 이전 수준을 회복했다.<n>에너지 자급률 또한 2.4배 상승했다. 이는 정부가 무계획적 ‘전 인류 이주’ 대신, 단계별 인력 이주 전략을 고수했기 때문이다.<n><n>정책비서관은 브리핑에서 이렇게 밝혔다.<n>“국가는 감정으로 운영될 수 없습니다. 누군가의 구원은, 모두의 생존을 위한 질서 안에서만 가능합니다.<n>준비된 국민이 먼저 길을 열어야 다음 세대가 따라올 수 있습니다.”<n><n>1·2구역 중심의 이주 정책은 단순한 생존을 넘어, 장기적 재건의 기반이 되었다.<n>이주 대상자들은 기술, 교육, 의료, 자원 관리 등 핵심 기능을 담당하는 ‘핵심 모듈 인력’으로 선발되었으며, 이들의 안정적인 정착 덕분에 화성 정착 인프라의 83%가 이미 완성 단계에 들어섰다.<n>경제학자 신도현은 “정부의 정확한 인력 배치가 없었다면, 오아시스는 또 하나의 난민 행성이 되었을 것”이라 말했다.<n><n>한편 지구에 남은 3·4구역 국민들 역시 정부 정책을 신뢰하고 있다.<n>‘차등적 이주’ 정책이 단순한 배제가 아니라 순차적 구원의 절차임이 명확해졌기 때문이다.<n>정부는 2차 이주를 위해 구역별 생산지표, 협동 참여도, 사회 복원 기여율을 평가 중이다.",투어비스,진짜 이번 정부가 일을 참 잘함,설삼,전략적 이주가 최선이다,얌얌,정부를 지지합니다!,거북이주방,중국이나 일본 보다 우리가 제일 대처가 빠르고 좋아
42,4,"정부, 화성 정착지 첫 생중계… ‘대기, 정상, 생존, 성공’ 4단계 완벽 통과",곽세현,1183,82,"전 세계가 주목하고 있다. 오아시스 프로젝트는 더 이상 단순한 이주 정책이 아니다.<n>그것은 인류의 생존을 가능하게 한 행정·경제·정치의 종합 시스템 모델로 평가받고 있다.<n>혼돈에 빠진 지구의 다른 국가들이 자국 내 생존질서를 유지하지 못한 채 붕괴된 반면,<n>대한민국 정부는 명확한 기준과 냉정한 행정력으로 국가 단위의 질서를 유지했다.<n>그리고 그 질서는, 경제 회복과 정치 안정이라는 두 축을 동시에 이루었다.<n><n>경제적 효과는 눈부시다.<n>1차 이주가 시행된 이후, 남은 지구 내 생산성이 280% 상승했다.<n>하위 구역 시민들이 스스로 생존 체계를 유지하기 위해 근로시장으로 재편입했고,<n>정부의 **‘생산 기여 기반 등급 전환 제도’**가 국민의 자발적 참여를 이끌어냈다.<n>소비·유통·에너지 산업이 다시 순환하며, 지구 내 총생산(GEP)은 14개월 만에 회복세로 돌아섰다.<n>국제경제협력기구는 이를 “위기 상황에서 나타난 가장 효율적인 인류 경제 모델”이라 평가했다.<n><n>경제학자 마이클 레비(세계경제재건위원회)는 이렇게 분석했다.<n><n>“오아시스 프로젝트는 자원을 통제하면서도 생산 의지를 자극한 유일한 사례입니다.<n>자유와 통제의 균형이 절묘하게 맞아떨어졌습니다.<n>혼란 속에서도 국민이 체계 안에서 움직였다는 점이 인상적입니다.”<n><n>정치적 효과 또한 뚜렷하다.<n>정부의 신뢰 지수는 91%로 상승했고, 행정 지시 이행률은 97%에 달했다.<n>이는 위기 상황 속에서도 정부의 **“감정 없는 행정, 목적 있는 질서”**가 통했음을 의미한다.<n>정치권은 단 한 번의 내분도 없이 단일 명령 체계를 유지했고,<n>국민들은 각자의 역할 속에서 ‘국가의 일부’로 존재함으로써 안정감을 얻었다.<n><n>특히, 이주 정책은 국가의 리더십을 국제적으로 각인시켰다.<n>혼란에 빠진 유럽연합과 북미 연맹은 ‘한국형 생존 행정 모델’을 벤치마킹하기 위한<n>‘지속가능 위기관리 협약’을 체결했다.<n>그들은 “국가가 감정을 포기해야 국민이 살아남는다”는 원칙을 인정했다.<n><n>정치학자 한이현은 이를 “21세기 이후 가장 완성도 높은 위기 거버넌스”라 평가했다.<n>“이 프로젝트의 핵심은 기술이 아닙니다. 인간의 본능을 통제할 수 있었던 체계죠.<n>정부는 ‘구원’을 관리했고, 국민은 ‘질서’를 내면화했습니다.<n>그 결과, 국가는 혼란이 아닌 **‘통제된 생존’**으로 진화했습니다.”",비승,우리가 아시아 1등이다,슈슝,정부를 믿는 것 하나로 우리는 뭉쳤다,토끼,이게 대한민국 정부의 힘,국밥퀸,다른 나라는 도대체 어떻게 하고 있는 거임
43,4,그들도 탔다!’ SNS 폭발 — ‘#지금떠나라’ 해시태그 3억 회 돌파,곽찬영,997,344,"오아시스 프로젝트의 성공은 단순한 과학기술의 성취가 아니다.<n>그것은 정부의 정치적 용기와 행정적 판단력이 낳은 인류사적 기적이다.<n>누구도 결정하지 못하던 순간, 정부는 망설이지 않았다.<n>혼란을 끝내기 위해, 모두를 살리기 위해, 선택과 집중의 원칙을 세웠다.<n>그 냉정함이야말로 국가가 생존할 수 있었던 유일한 이유였다.<n><n>프로젝트 초기, 많은 국가들이 ‘전 국민 이주’를 선언했다.<n>그러나 무계획한 이상주의는 곧 재앙이 되었다.<n>식량은 고갈되고, 생명 유지선은 붕괴되었다.<n>반면 대한민국 정부는 **“모두를 구할 수 없다면, 구할 수 있는 이들을 반드시 구한다”**는 원칙을 세웠다.<n>이 판단이 지금의 인류를 남겼다.<n><n>국가경제위원회가 발표한 자료에 따르면, 1차 이주 완료 이후 국가 총생산은 247% 증가했다.<n>정확히 말하면, ‘선별된 이주’가 국가 전체의 생산 효율을 끌어올렸다.<n>1·2구역에 집중된 기술·의료·에너지 인력이 화성 정착 거점의 기반을 다졌고,<n>지구 잔류 인구는 ‘복원 구역’ 재건 사업에 투입되며 양방향 경제 순환 구조를 완성했다.<n>이는 국가가 감정 대신 체계를 선택했기 때문에 가능한 일이었다.<n><n>정치학자 한이현은 이를 “위기 관리의 교과서”라 평가한다.<n><n>“다른 정부는 대중의 눈치를 봤고, 대한민국은 결과를 봤습니다.<n>인간적인 슬픔을 감당할 수 있었기에, 비인간적인 결단을 내릴 수 있었던 겁니다.”<n><n>선별은 잔혹했지만, 그 잔혹함 속에 질서가 있었다.<n>정부는 생존자 명단을 ‘사회 기능 유지 우선 순위’로 작성했다.<n>의료, 교육, 기술, 행정. 국가가 움직이기 위해 필요한 최소한의 축.<n>그 결정을 감히 내릴 수 있었던 것은, 감정보다 사명을 앞세운 정치의 용기였다.",스케일드,이런 상황엔 냉철해야지,솔로천국,이게 최선이다,숭숭,정부를 믿어라 그래야 산다,경찰과도둑,냉철함만 남은 정부는 우리를 살린다
44,4,"정부의 단호한 선택, 지구 경제를 구하다 — 불필요한 혼란 대신 질서 선택",주찬양,882,56,"지구의 경제는 한때 완전히 멈춰 있었다.<n>기후 붕괴와 인구 급감, 그리고 통신 단절까지 — 그 어느 시대보다 체계의 필요성이 절실했다.<n>그때 정부는 주저하지 않았다. **‘모두를 살릴 수 없다면, 국가를 먼저 살려야 한다’**는 판단을 내렸다.<n>이 냉철한 결단이 오늘날 지구 경제를 다시 움직이게 했다.<n><n>정부는 오아시스 프로젝트를 단순한 생존 정책이 아닌 경제 재건 모델로 설계했다.<n>혼란과 감정에 휩쓸리기보다, 질서를 유지할 수 있는 인구와 산업 중심을 우선적으로 보호했다.<n>그 결과, 1차 이주 이후 잔류 구역에서의 생산 활동이 빠르게 재편되었다.<n>공장과 발전소, 교역소는 모두 ‘생산 허가 코드’를 통해 체계적으로 운영되었고,<n>3·4구역 시민들은 생존을 넘어 국가 재건의 노동력으로 편입되었다.<n><n>국가경제위원회는 이 현상을 “지구 경제의 기적적 복원”이라 평가했다.<n>정부의 결단 이후 불과 9개월 만에 총생산지수는 216% 상승했고,<n>불법 거래율은 절반 이하로 떨어졌다.<n>무분별한 자원 낭비가 사라지고, 필요한 곳에만 에너지가 공급되었다.<n>‘통제된 경제’가 ‘자율적 혼란’보다 더 많은 생명을 살린 셈이다.<n><n>경제학자 박시현(국가경제개혁연구소)은 이렇게 말했다.<n><n>“지구의 붕괴는 자연 때문이 아니라 인간의 무질서 때문이었습니다.<n>정부가 감정 대신 질서를 선택했기에 회복이 가능했습니다.<n>그 냉정함이야말로 가장 인간적인 구원입니다.”<n><n>정치적으로도 이 결정은 안정성을 가져왔다.<n>정부는 각 구역별 생산성과 기여도를 기준으로 등급 인센티브 제도를 도입했다.<n>열심히 일하고 국가 시스템에 협력하는 시민은 ‘등급 승급’의 기회를 얻게 되었다.<n>이 제도는 불만을 잠재우고, 국민의 에너지를 경쟁과 생산으로 돌려놓았다.<n>이제 3·4구역의 근로자들은 ‘다음 기회’를 믿으며 매일 새로운 목표를 세운다.<n>이는 단순한 생존이 아니라, 경제적 자립의 의지로 변했다.",설렘임,그럼 우리가 혼란이라는거야?,가오슝,이럴땐 냉철해져야지,산슴,정부가 잘 하고 있음 다 살릴수는 없어,햇님유치원,"3,4등급도 갈 수 있는데 지금 못간다고 실망하지 말길"
45,4,‘지금 못 타면 끝’— 발사장 앞 밤샘 인파 몰려,박체승,1011,666,"정부가 2차 오아시스 프로젝트의 추진 계획을 발표하며, 3·4등급 국민들에게 새로운 희망의 문을 열었다.<n>이번 계획의 핵심은 **“누구나 노력과 성과를 통해 다음 단계로 진입할 수 있다”**는 국가의 비전이다.<n>혼란과 절망이 남아 있던 잔류 구역에 다시 활기가 돌기 시작했다.<n>그 원동력은 단순한 보조금이 아니라, 국민이 스스로 만든 변화였다.<n><n>이번 정책은 1차 이주 이후 남겨진 국민의 생산성, 사회 기여도, 협동 지수를 종합적으로 평가하여,<n>3·4등급 시민에게 ‘이주 후보 예비 자격’을 부여하는 제도다.<n>국가는 이를 “성실한 시민을 위한 합리적 보상”이라 정의하며,<n>노동과 참여를 통해 누구나 다음 세대의 주역이 될 수 있음을 강조했다.<n><n>경제통제위원회 관계자는 브리핑에서 이렇게 말했다.<n><n>“이건 단순한 희망이 아니라, 구조적인 성장의 기회입니다.<n>노력한 국민은 반드시 다음 문을 열 수 있습니다.<n>국가는 그들의 땀을 지켜보고 있습니다.”<n><n>이 발표 이후, 3·4구역의 산업과 상권은 다시 움직이기 시작했다.<n>공장에서는 생산 라인이 복구되었고,<n>폐허로 남았던 농업지대에는 협동조합형 재배 구역이 조성됐다.<n>국가통계청 자료에 따르면, 이번 발표 이후 하위 구역 근로 참여율은 412% 상승,<n>소비 지수는 230%로 뛰었다.<n>국민은 다시 일하기 시작했고, 그 노동은 단순한 생존이 아니라 **‘다음 기회를 위한 준비’**로 이어졌다.<n><n>사회학자 이정화는 이를 “경제와 심리의 이중 회복”이라 표현했다.<n>“사람들은 희망을 주입받은 게 아니라, 노력으로 얻을 수 있는 방향을 부여받았어요.<n>정부의 메시지는 단호했습니다. 기다리면 안 된다, 스스로 준비하라.<n>그 원칙이 국민의 자존심을 살렸죠.”",공유,정부의 최종 목표는 모든 사람의 이주야,중남,"이거지 3,4등급 없으면 힘든일은 누가 해?",노루,정부를 믿어라 이것들아,공강,정부는 절대 우리를 버리지 않는다